budget_id,project_id,allocated_budget,labor_cost,material_cost,equipment_cost,actual_spending,remaining_budget
BUD-0001,PRJ-0001,11548931.54,3296931.28,4301465.26,2041081.48,1774924.67,9774006.87
BUD-0002,PRJ-0002,12016714.22,2774094.74,779896.24,1466699.7,2590847.1,9425867.12
BUD-0003,PRJ-0003,29668651.35,5215470.38,10902112.39,3065388.2,9415357.84,20253293.51
BUD-0004,PRJ-0004,47882047.07,5560514.37,16621417.37,9123226.22,28300406.57,19581640.5
BUD-0005,PRJ-0005,13593782.93,683166.95,951757.25,638316.91,4222991.6,9370791.33
BUD-0006,PRJ-0006,41555530.88,4425704.81,728751.98,7314760.41,29175388.13,12380142.75
BUD-0007,PRJ-0007,42838227.19,7746393.07,11766448.78,8401483.03,4874136.68,37964090.51
BUD-0008,PRJ-0008,18085899.66,6360587.73,6357076.06,1909815.94,15044499.43,3041400.23
BUD-0009,PRJ-0009,23381880.49,5218381.7,2930634.02,2215940.66,20986542.62,2395337.87
BUD-0010,PRJ-0010,16114925.88,1686334.31,2986022.82,728436.48,15446199.44,668726.44
BUD-0011,PRJ-0011,44291816.12,15236818.11,17398990.19,3142171.63,21481350.68,22810465.44
BUD-0012,PRJ-0012,37477183.68,10093407.79,6762647.16,7214024.2,4216996.94,33260186.74
BUD-0013,PRJ-0013,37911216.8,12969973.84,8357288.96,1189539.56,9070250.86,28840965.94
BUD-0014,PRJ-0014,19390154.68,1444684.67,5347456.42,2098576.17,18720342.62,669812.06
BUD-0015,PRJ-0015,32227609.03,10695142.25,2779063.96,5522806.07,7119795.64,25107813.39
BUD-0016,PRJ-0016,38217128.85,14652797.92,2564583.91,4255552.47,19694742.78,18522386.07
BUD-0017,PRJ-0017,38244284.6,6764543.41,6555615.2,5423633.15,13828717.61,24415566.99
BUD-0018,PRJ-0018,3367295.74,317152.81,1153012.83,612236.78,1062360.69,2304935.05
BUD-0019,PRJ-0019,33157665.73,4808727.95,7795889.39,5563950.61,27253032.76,5904632.97
BUD-0020,PRJ-0020,36631587.92,9720704.09,585683.04,2959304.64,24540241.19,12091346.73
BUD-0021,PRJ-0021,22848564.0,3659343.54,8116359.05,2490860.69,17367945.04,5480618.96
BUD-0022,PRJ-0022,29627785.66,1165213.9,2438363.44,3878879.02,32250942.92,-2623157.26
BUD-0023,PRJ-0023,43051952.31,17194703.25,8996854.67,6265250.03,15697770.62,27354181.69
BUD-0024,PRJ-0024,36305952.01,14517549.22,1375269.85,7019238.16,24625530.02,11680421.99
BUD-0025,PRJ-0025,33119646.1,13002997.72,10586345.41,2341176.5,25098857.16,8020788.94
BUD-0026,PRJ-0026,36546572.63,3858068.9,1774222.2,6382975.14,9283569.23,27263003.4
BUD-0027,PRJ-0027,9582657.77,1819272.58,2630840.97,918651.97,8139140.38,1443517.39
BUD-0028,PRJ-0028,49964482.19,6168887.31,14210819.16,9374248.39,40347350.34,9617131.85
BUD-0029,PRJ-0029,11080491.31,1156155.25,4211730.42,228294.37,9853710.25,1226781.06
BUD-0030,PRJ-0030,39363903.16,11454573.75,9143760.25,7289447.25,31069827.43,8294075.73
BUD-0031,PRJ-0031,11276194.47,3708786.07,3647332.86,1606461.1,9450725.86,1825468.61
BUD-0032,PRJ-0032,25391093.95,2657551.58,790311.69,1268084.81,17080998.87,8310095.08
BUD-0033,PRJ-0033,33923021.4,2717793.64,1461422.74,5181815.04,22857612.98,11065408.42
BUD-0034,PRJ-0034,31159384.76,11341425.81,4939492.73,3599287.0,15894812.6,15264572.16
BUD-0035,PRJ-0035,6978474.97,1145868.17,1222409.52,697352.18,1934894.5,5043580.47
BUD-0036,PRJ-0036,49806774.17,11336825.33,7221664.22,5577211.46,29292161.48,20514612.69
BUD-0037,PRJ-0037,18791590.89,6273061.64,2354192.09,1835051.69,3230323.42,15561267.47
BUD-0038,PRJ-0038,33559228.58,1025928.38,4677912.46,5202364.52,36862119.76,-3302891.18
BUD-0039,PRJ-0039,13981236.51,180175.67,3085767.3,1531444.79,15321707.74,-1340471.23
BUD-0040,PRJ-0040,12930501.98,2264599.01,2566992.39,354304.63,5143496.73,7787005.25
BUD-0041,PRJ-0041,38670401.54,9407776.77,10527825.02,3799964.99,11619837.12,27050564.42
BUD-0042,PRJ-0042,6037757.09,909287.86,115202.12,131602.36,3055360.54,2982396.55
BUD-0043,PRJ-0043,2570528.48,646503.09,377028.08,279746.33,467829.87,2102698.61
BUD-0044,PRJ-0044,28214234.2,3230362.57,8469846.42,2340538.49,2827704.0,25386530.2
BUD-0045,PRJ-0045,36959941.35,9162590.08,11220427.05,1948132.56,12977162.2,23982779.15
BUD-0046,PRJ-0046,43672255.75,272374.45,94170.66,6347756.74,29916634.27,13755621.48
BUD-0047,PRJ-0047,1671389.52,110153.81,627588.32,264299.97,1756230.87,-84841.35
BUD-0048,PRJ-0048,25715580.94,2609972.05,4761423.36,3122559.66,25906667.42,-191086.48
BUD-0049,PRJ-0049,5865926.09,1494050.88,1888776.93,715124.76,2415976.51,3449949.58
BUD-0050,PRJ-0050,19567173.95,2714565.87,7093792.28,892798.08,20657458.35,-1090284.4
BUD-0051,PRJ-0051,27153373.86,339324.92,4960400.06,5098493.17,20676766.14,6476607.72
BUD-0052,PRJ-0052,42476756.34,11337703.96,6607822.05,1558337.59,20426649.9,22050106.44
BUD-0053,PRJ-0053,6800746.05,1854012.26,365553.07,1093410.59,928771.87,5871974.18
BUD-0054,PRJ-0054,27622892.05,5088375.28,4805467.88,1251489.72,23801967.9,3820924.15
BUD-0055,PRJ-0055,16451336.87,2426026.82,5264231.29,1876248.96,4498634.88,11952701.99
BUD-0056,PRJ-0056,4697379.07,339397.79,538252.15,353835.97,2531096.79,2166282.28
BUD-0057,PRJ-0057,1709056.69,115616.9,584936.04,227762.75,1852922.98,-143866.29
BUD-0058,PRJ-0058,36058122.82,9852902.44,8933566.36,1148767.18,16655675.74,19402447.08
BUD-0059,PRJ-0059,21544736.6,4050393.72,1065680.98,2942019.14,21037222.22,507514.38
BUD-0060,PRJ-0060,40170121.79,9958388.23,13401633.48,3758901.37,16399631.5,23770490.29
BUD-0061,PRJ-0061,37310944.39,9351697.96,2770334.55,6246827.58,22354385.94,14956558.45
BUD-0062,PRJ-0062,31524047.63,10313171.64,7412933.35,3212535.15,16194180.4,15329867.23
BUD-0063,PRJ-0063,16325623.64,3625961.58,3523677.74,2099641.27,8265678.04,8059945.6
BUD-0064,PRJ-0064,21035960.85,6359461.94,342196.34,3186303.17,13679622.6,7356338.25
BUD-0065,PRJ-0065,29411931.0,7136854.35,2398420.1,2052893.24,13030144.15,16381786.85
BUD-0066,PRJ-0066,44636256.33,17288791.9,15397346.45,7304868.25,21358548.4,23277707.93
BUD-0067,PRJ-0067,19748431.56,2352558.5,1718291.04,2758445.48,18377738.82,1370692.74
BUD-0068,PRJ-0068,29798692.39,10203077.09,3299941.79,5268994.88,8777124.92,21021567.47
BUD-0069,PRJ-0069,13377737.54,2078616.76,847182.44,1070570.02,2020845.72,11356891.82
BUD-0070,PRJ-0070,47584603.93,8104788.66,15273573.34,8325101.96,28207898.41,19376705.52
BUD-0071,PRJ-0071,11598997.2,3760577.16,3714777.14,1711161.85,8055828.41,3543168.79
BUD-0072,PRJ-0072,8042926.12,2127102.11,1276474.07,1003366.81,4972479.5,3070446.62
BUD-0073,PRJ-0073,13184062.98,3356623.92,5129698.43,1968430.4,12119644.77,1064418.21
BUD-0074,PRJ-0074,29144894.26,9823427.88,9442561.78,1406100.23,13082282.49,16062611.77
BUD-0075,PRJ-0075,35011053.62,12708396.21,12100122.55,4542897.92,33388948.36,1622105.26
BUD-0076,PRJ-0076,18843258.37,1021166.44,226085.63,1386551.68,15393078.74,3450179.63
BUD-0077,PRJ-0077,44632963.23,3070364.91,11576734.13,5000194.28,24221574.66,20411388.57
BUD-0078,PRJ-0078,46021074.02,15319616.92,9673824.95,3678658.52,17160966.95,28860107.07
BUD-0079,PRJ-0079,46763782.99,12020921.26,4876148.75,8209767.03,45758126.19,1005656.8
BUD-0080,PRJ-0080,1920649.89,628004.99,300958.33,221715.5,647303.92,1273345.97
BUD-0081,PRJ-0081,44075839.0,13637001.91,8524415.01,84128.91,45920369.16,-1844530.16
BUD-0082,PRJ-0082,27981222.47,2455799.17,8177299.73,2093657.38,9221829.39,18759393.08
BUD-0083,PRJ-0083,15064661.28,1176384.27,4362276.89,381742.64,7576222.77,7488438.51
BUD-0084,PRJ-0084,26780635.59,4099256.14,10456550.73,2820728.56,13579971.16,13200664.43
BUD-0085,PRJ-0085,11911633.04,1354526.96,3731216.23,1141440.31,9489133.7,2422499.34
BUD-0086,PRJ-0086,24467830.07,589072.7,7868247.5,1359433.44,13667682.32,10800147.75
BUD-0087,PRJ-0087,1200344.18,360434.97,216172.43,58881.3,542253.26,658090.92
BUD-0088,PRJ-0088,43488829.26,4517650.95,558468.45,916931.85,47378262.75,-3889433.49
BUD-0089,PRJ-0089,17364943.66,6115008.91,2860878.38,1803555.99,15666054.74,1698888.92
BUD-0090,PRJ-0090,29062547.25,5281395.03,6780015.79,1213114.75,28171759.76,890787.49
BUD-0091,PRJ-0091,28124615.21,10404540.74,5283454.01,3650414.06,27867349.64,257265.57
BUD-0092,PRJ-0092,43078249.96,16946944.27,13600592.89,7763008.65,15787225.42,27291024.54
BUD-0093,PRJ-0093,10785501.34,3229247.14,1105986.75,1838169.16,10394731.82,390769.52
BUD-0094,PRJ-0094,4215711.01,1528266.71,371637.9,665170.94,4433424.48,-217713.47
BUD-0095,PRJ-0095,11958073.61,1301732.43,1638823.65,367765.53,8601814.72,3356258.89
BUD-0096,PRJ-0096,40293331.17,15393131.68,9297811.29,6596929.33,6192510.32,34100820.85
BUD-0097,PRJ-0097,7540696.13,2651799.29,112731.76,954976.02,1280529.35,6260166.78
BUD-0098,PRJ-0098,23700549.53,4604218.36,5079324.09,3239405.56,12708486.66,10992062.87
BUD-0099,PRJ-0099,30102814.77,1428795.85,3635702.79,3126781.26,20961327.17,9141487.6
BUD-0100,PRJ-0100,41879951.39,7757694.49,9499671.13,3941739.14,28976700.82,12903250.57
BUD-0101,PRJ-0101,22390355.52,8919136.85,7736375.54,116864.72,13845515.89,8544839.63
BUD-0102,PRJ-0102,17724072.29,1821249.14,6311373.14,1596251.96,3317858.7,14406213.59
BUD-0103,PRJ-0103,25025716.54,2735209.95,9477215.73,2652678.71,18901942.57,6123773.97
BUD-0104,PRJ-0104,48524143.98,6659260.85,18361082.13,8845636.98,15060607.55,33463536.43
BUD-0105,PRJ-0105,26162749.93,8054358.54,7197445.34,2156594.93,20110820.31,6051929.62
BUD-0106,PRJ-0106,46419801.66,8704205.33,13497698.58,7993651.9,13263506.11,33156295.55
BUD-0107,PRJ-0107,8339719.11,1471846.81,1595830.32,812472.07,4756735.51,3582983.6
BUD-0108,PRJ-0108,41691087.1,15251591.24,9057396.16,7858529.77,30705857.77,10985229.33
BUD-0109,PRJ-0109,12564679.85,3034101.16,1240006.66,1811871.14,13085356.0,-520676.15
BUD-0110,PRJ-0110,38747419.07,13377752.81,8855685.16,1004550.66,39616931.38,-869512.31
BUD-0111,PRJ-0111,15278514.56,1586891.32,3676064.28,1805751.31,9044640.12,6233874.44
BUD-0112,PRJ-0112,38262197.54,14693973.93,1612924.01,5640676.08,40764260.66,-2502063.12
BUD-0113,PRJ-0113,42872642.31,15667859.65,8569252.79,8019973.36,13166248.97,29706393.34
BUD-0114,PRJ-0114,48258809.7,6489651.31,13400847.46,7518340.64,26344207.39,21914602.31
BUD-0115,PRJ-0115,36260969.46,8415905.12,11013575.63,4561589.98,4050632.36,32210337.1
BUD-0116,PRJ-0116,20175424.53,6827222.01,2964250.52,3579162.74,17226494.19,2948930.34
BUD-0117,PRJ-0117,27280292.63,2953749.42,5437153.53,5269155.57,25061582.78,2218709.85
BUD-0118,PRJ-0118,48927717.55,14912415.43,13338596.5,2963244.1,30712432.15,18215285.4
BUD-0119,PRJ-0119,39909101.53,4329251.41,15470082.73,6433490.01,25178974.16,14730127.37
BUD-0120,PRJ-0120,28513439.06,5926913.55,8779672.59,2647902.92,9352351.77,19161087.29
BUD-0121,PRJ-0121,12421074.7,4309700.23,3295839.84,1720554.54,6618687.77,5802386.93
BUD-0122,PRJ-0122,965172.86,147814.27,138157.7,42372.71,103504.05,861668.81
BUD-0123,PRJ-0123,49388758.91,1188105.71,244905.17,1180100.52,14061116.97,35327641.94
BUD-0124,PRJ-0124,42740105.2,14865311.25,8676150.86,6773004.5,23579127.82,19160977.38
BUD-0125,PRJ-0125,15113922.32,4867971.01,1586837.17,2240130.12,13389046.88,1724875.44
BUD-0126,PRJ-0126,45255686.9,8939804.59,9423777.5,6758245.77,8268534.76,36987152.14
BUD-0127,PRJ-0127,34049340.7,3672848.08,3592955.65,1833921.61,20517307.9,13532032.8
BUD-0128,PRJ-0128,29188903.37,6583196.19,6706051.94,1855223.28,4134492.07,25054411.3
BUD-0129,PRJ-0129,39432384.15,3440058.69,3193065.31,1484662.15,33219193.72,6213190.43
BUD-0130,PRJ-0130,6200900.52,1170803.48,2206859.03,551649.3,4499476.42,1701424.1
BUD-0131,PRJ-0131,39638757.45,13087150.1,2492188.61,4917379.48,37448385.62,2190371.83
BUD-0132,PRJ-0132,19360762.21,1005616.67,2832284.02,816327.12,17061437.59,2299324.62
BUD-0133,PRJ-0133,16736310.95,300924.84,915971.51,3172850.45,16938500.71,-202189.76
BUD-0134,PRJ-0134,2744667.15,471457.76,255207.58,31282.57,2081545.86,663121.29
BUD-0135,PRJ-0135,19737968.64,7044242.6,7191117.15,1426928.68,13824418.08,5913550.56
BUD-0136,PRJ-0136,20701736.34,2952342.28,8025980.28,4051642.39,22033413.14,-1331676.8
BUD-0137,PRJ-0137,42844784.57,10255621.91,10186013.96,6886914.44,5542041.87,37302742.7
BUD-0138,PRJ-0138,9895523.83,3156440.95,284966.97,372639.96,3712587.84,6182935.99
BUD-0139,PRJ-0139,39446332.23,14589321.09,455104.25,1168672.84,22204782.41,17241549.82
BUD-0140,PRJ-0140,29525962.64,7215108.23,2578504.39,3306445.66,31731076.03,-2205113.39
BUD-0141,PRJ-0141,49209392.53,135979.23,5787105.8,1989069.71,50261756.66,-1052364.13
BUD-0142,PRJ-0142,39604240.88,8446445.91,11100765.55,6009344.76,30269570.65,9334670.23
BUD-0143,PRJ-0143,21337547.57,3312570.01,4438272.44,3450916.16,16917855.34,4419692.23
BUD-0144,PRJ-0144,22874268.29,4857789.43,1182421.12,3177052.21,3556182.55,19318085.74
BUD-0145,PRJ-0145,48219296.06,17557239.73,1125691.31,9265989.31,32143728.06,16075568.0
BUD-0146,PRJ-0146,45013704.87,5219113.53,8099217.37,8241191.92,17884922.91,27128781.96
BUD-0147,PRJ-0147,35751563.42,10830415.32,6967445.56,3207755.28,16406949.66,19344613.76
BUD-0148,PRJ-0148,35238081.22,11445579.07,13268981.57,1076678.91,10732586.84,24505494.38
BUD-0149,PRJ-0149,21091487.69,2813451.89,5752122.42,1013746.14,19636759.26,1454728.43
BUD-0150,PRJ-0150,46187759.27,6954765.92,1609606.08,1465441.57,42948483.07,3239276.2
BUD-0151,PRJ-0151,6940714.95,1899761.23,2134760.24,1210749.27,1702832.59,5237882.36
BUD-0152,PRJ-0152,45834261.71,5068654.14,2454382.68,3267460.14,24594242.71,21240019.0
BUD-0153,PRJ-0153,11030570.88,2250496.76,855554.84,812108.95,11655885.14,-625314.26
BUD-0154,PRJ-0154,14289126.52,3934149.84,4435243.16,2243272.89,10667137.04,3621989.48
BUD-0155,PRJ-0155,46489672.4,1520053.11,16838901.99,5510205.04,35396463.95,11093208.45
BUD-0156,PRJ-0156,9479575.13,3555571.82,513738.09,813928.35,3257924.85,6221650.28
BUD-0157,PRJ-0157,26758893.09,8898514.74,3548040.02,1637295.83,22122105.63,4636787.46
BUD-0158,PRJ-0158,16556953.16,3030642.14,729060.98,2650503.18,13936670.59,2620282.57
BUD-0159,PRJ-0159,22434092.23,6373355.1,2675076.87,2496433.26,2577519.36,19856572.87
BUD-0160,PRJ-0160,25861142.14,1235187.15,7389919.73,1696226.96,17720148.1,8140994.04
BUD-0161,PRJ-0161,15766759.9,3629514.17,4144431.36,922740.14,2056757.58,13710002.32
BUD-0162,PRJ-0162,38483801.6,680174.76,14126913.56,225446.87,31242896.73,7240904.87
BUD-0163,PRJ-0163,6894692.24,1168280.87,2569086.01,491102.87,7120676.24,-225984.0
BUD-0164,PRJ-0164,46097540.51,12881287.5,14275559.15,1954933.2,20849768.87,25247771.64
BUD-0165,PRJ-0165,20549099.2,4202656.48,685622.53,273581.27,19746507.05,802592.15
BUD-0166,PRJ-0166,5740225.1,351210.39,392626.23,514804.87,4917262.08,822963.02
BUD-0167,PRJ-0167,16986896.81,3065096.87,5691075.27,2139594.03,7299870.65,9687026.16
BUD-0168,PRJ-0168,45343175.21,4960863.79,10439760.51,1648027.37,46874493.16,-1531317.95
BUD-0169,PRJ-0169,13170426.99,3744670.42,708486.34,1364461.75,5055756.09,8114670.9
BUD-0170,PRJ-0170,37845068.35,4402263.13,8903573.51,6145423.28,9400138.36,28444929.99
BUD-0171,PRJ-0171,22389299.16,4235128.65,393203.99,2219774.68,13042382.44,9346916.72
BUD-0172,PRJ-0172,23356253.08,8173187.1,8345483.74,2810031.36,18934793.95,4421459.13
BUD-0173,PRJ-0173,25599856.96,8529334.56,5850019.99,3779758.05,9835682.34,15764174.62
BUD-0174,PRJ-0174,24043636.88,2586826.12,6935006.52,4294472.97,13508800.08,10534836.8
BUD-0175,PRJ-0175,9041666.12,522839.51,2467288.24,629677.02,4849740.73,4191925.39
BUD-0176,PRJ-0176,18956173.11,6418358.58,934408.75,1264100.57,9890829.18,9065343.93
BUD-0177,PRJ-0177,16819692.38,2343891.3,249482.93,584309.7,11540383.91,5279308.47
BUD-0178,PRJ-0178,29345605.97,5271739.73,7344226.15,4648028.19,16151913.74,13193692.23
BUD-0179,PRJ-0179,46931108.88,2370177.12,2949444.45,7286391.59,22320627.93,24610480.95
BUD-0180,PRJ-0180,33687573.98,2030531.53,6529932.41,2441307.14,8524421.53,25163152.45
BUD-0181,PRJ-0181,24570410.58,9260187.83,8039110.72,4661721.77,22242838.24,2327572.34
BUD-0182,PRJ-0182,27218652.54,2238714.81,1168631.55,4936080.46,21596116.47,5622536.07
BUD-0183,PRJ-0183,8531237.0,216192.35,1189834.72,1639442.12,6287261.45,2243975.55
BUD-0184,PRJ-0184,14603932.66,1443797.88,1728340.26,1051654.31,6373009.96,8230922.7
BUD-0185,PRJ-0185,34076187.84,12105797.54,4986917.34,2976889.83,36237501.47,-2161313.63
BUD-0186,PRJ-0186,48330273.58,2422201.11,19179833.29,9244632.49,13887093.63,34443179.95
BUD-0187,PRJ-0187,46747530.92,3845770.1,14863507.11,8675845.74,35694633.39,11052897.53
BUD-0188,PRJ-0188,41636812.57,16165546.01,12740822.7,3465571.93,24301507.0,17335305.57
BUD-0189,PRJ-0189,25349352.18,8327342.77,6232604.3,3850971.02,3903002.13,21446350.05
BUD-0190,PRJ-0190,42039226.24,13521783.72,9782972.5,271377.8,16879683.03,25159543.21
BUD-0191,PRJ-0191,35424040.68,10181380.47,4196975.22,581353.43,18327519.26,17096521.42
BUD-0192,PRJ-0192,47041184.49,17140959.68,12820445.4,5269483.56,8881113.51,38160070.98
BUD-0193,PRJ-0193,12302755.42,505397.97,3548412.34,1134823.3,10653678.25,1649077.17
BUD-0194,PRJ-0194,26011098.65,4098265.28,4023159.32,259552.52,8623032.73,17388065.92
BUD-0195,PRJ-0195,28747853.94,7854302.12,2827216.45,412860.24,29843993.64,-1096139.7
BUD-0196,PRJ-0196,39427410.62,616690.68,9101403.74,7598531.38,30752215.65,8675194.97
BUD-0197,PRJ-0197,37492171.28,7615826.5,5285299.43,5099477.92,23157163.64,14335007.64
BUD-0198,PRJ-0198,37955606.86,555597.44,5676251.79,5792765.91,40973789.82,-3018182.96
BUD-0199,PRJ-0199,24187293.0,803427.86,1089749.63,4072537.79,7181292.88,17006000.12
BUD-0200,PRJ-0200,39659906.05,2608120.37,4557540.2,280923.76,10835544.21,28824361.84
BUD-0201,PRJ-0201,2312728.19,650288.48,691938.72,333151.87,1869060.13,443668.06
BUD-0202,PRJ-0202,40067449.37,6974887.74,8034882.74,360242.16,41687416.84,-1619967.47
BUD-0203,PRJ-0203,34757390.31,9271766.55,12371840.46,3786171.46,35092696.77,-335306.46
BUD-0204,PRJ-0204,9432596.05,1981363.29,3563196.74,1875848.23,6945046.05,2487550.0
BUD-0205,PRJ-0205,30329770.57,6481148.8,2602364.1,1816580.64,4937198.82,25392571.75
BUD-0206,PRJ-0206,43566840.17,7865963.5,1776199.48,6591499.54,45858089.9,-2291249.73
BUD-0207,PRJ-0207,25897757.96,4506387.32,2611460.15,4570570.63,22606795.94,3290962.02
BUD-0208,PRJ-0208,12181771.33,3929313.22,3614696.51,1333717.71,11946395.92,235375.41
BUD-0209,PRJ-0209,22771167.15,6385124.78,1731198.87,864944.94,9085186.69,13685980.46
BUD-0210,PRJ-0210,20202685.27,3543234.61,3910815.59,618655.15,17494006.79,2708678.48
BUD-0211,PRJ-0211,45720354.04,5648271.99,15520094.24,2370882.37,41887711.24,3832642.8
BUD-0212,PRJ-0212,34852041.73,2746546.34,9554430.27,1176921.72,26077836.22,8774205.51
BUD-0213,PRJ-0213,22533004.04,7403688.11,3693228.44,2004617.8,13404990.04,9128014.0
BUD-0214,PRJ-0214,44620918.28,5874724.96,1703902.05,6191102.87,39484853.42,5136064.86
BUD-0215,PRJ-0215,7374405.17,2441691.32,926750.93,906581.11,4235648.19,3138756.98
BUD-0216,PRJ-0216,49159091.9,7663432.55,8795018.13,886502.2,13212230.31,35946861.59
BUD-0217,PRJ-0217,38573645.24,4006271.16,12591140.07,1691500.25,39818186.18,-1244540.94
BUD-0218,PRJ-0218,26109320.59,6458819.73,3531477.33,497798.83,23320049.86,2789270.73
BUD-0219,PRJ-0219,6645975.47,2157804.19,1102160.33,875682.69,2838073.82,3807901.65
BUD-0220,PRJ-0220,44798832.88,5038257.71,16875029.96,5621704.83,13259746.9,31539085.98
BUD-0221,PRJ-0221,15489818.0,3635140.6,118276.3,1729868.24,13820615.93,1669202.07
BUD-0222,PRJ-0222,45149044.24,6804171.58,13839467.48,5328128.07,30039747.14,15109297.1
BUD-0223,PRJ-0223,10935014.8,2937017.36,3543022.96,158420.42,5363328.01,5571686.79
BUD-0224,PRJ-0224,12621456.58,3355503.72,2738110.19,2123059.24,12588318.25,33138.33
BUD-0225,PRJ-0225,24470430.94,7749687.58,2416309.99,3783335.4,16555188.68,7915242.26
BUD-0226,PRJ-0226,6972924.5,2463274.93,423629.32,547440.14,5091242.93,1881681.57
BUD-0227,PRJ-0227,12771984.69,989614.39,315346.49,1205363.8,7543713.27,5228271.42
BUD-0228,PRJ-0228,45164385.94,12787184.5,13985869.18,499789.32,14922484.71,30241901.23
BUD-0229,PRJ-0229,44014245.35,12554898.46,3627019.59,3653233.96,21426404.03,22587841.32
BUD-0230,PRJ-0230,29375533.54,8320226.8,11625707.82,5662339.4,29960621.28,-585087.74
BUD-0231,PRJ-0231,904781.59,126296.18,339530.51,146708.61,539043.89,365737.7
BUD-0232,PRJ-0232,20328790.24,3161724.46,6515883.19,3618593.7,8697835.49,11630954.75
BUD-0233,PRJ-0233,38338003.68,6918491.67,6154825.09,6286795.57,29741838.08,8596165.6
BUD-0234,PRJ-0234,46977954.06,18433185.4,15524119.58,4336285.52,47732201.9,-754247.84
BUD-0235,PRJ-0235,2426241.33,673177.42,99809.66,184028.73,1177632.09,1248609.24
BUD-0236,PRJ-0236,16734309.46,4931546.96,6139398.03,2139880.9,2796367.61,13937941.85
BUD-0237,PRJ-0237,41500324.6,7073032.35,10627975.96,7808553.23,24027754.75,17472569.85
BUD-0238,PRJ-0238,29393256.02,11384017.48,10767900.09,990244.31,10698194.53,18695061.49
BUD-0239,PRJ-0239,3042080.67,529669.4,347962.35,275603.88,415003.59,2627077.08
BUD-0240,PRJ-0240,34195981.31,3474956.66,3500638.26,308526.75,10015418.24,24180563.07
BUD-0241,PRJ-0241,20941525.43,780910.95,5753707.79,1817764.03,8205713.35,12735812.08
BUD-0242,PRJ-0242,10763414.4,3094113.61,3732844.05,312791.86,3767840.88,6995573.52
BUD-0243,PRJ-0243,17445187.38,623797.59,4029755.55,2003072.37,6098144.92,11347042.46
BUD-0244,PRJ-0244,15275708.48,4114449.46,4034013.13,2461669.96,9588276.46,5687432.02
BUD-0245,PRJ-0245,28244135.72,7106210.42,2698062.61,1802080.18,14371969.6,13872166.12
BUD-0246,PRJ-0246,17584166.42,2281312.95,3845085.39,2208695.76,16743952.29,840214.13
BUD-0247,PRJ-0247,13193976.79,4819868.62,4404351.31,1878225.03,14366801.49,-1172824.7
BUD-0248,PRJ-0248,5906715.79,2198782.55,2129203.94,497029.37,3548189.41,2358526.38
BUD-0249,PRJ-0249,5459798.97,447264.93,1095553.39,653575.25,5979043.67,-519244.7
BUD-0250,PRJ-0250,20641918.85,6446481.32,1107497.09,859980.58,16857522.05,3784396.8
BUD-0251,PRJ-0251,3428548.02,581490.31,1265828.26,515277.88,671270.46,2757277.56
BUD-0252,PRJ-0252,49860004.25,19357979.6,14705484.56,4907084.74,30185584.21,19674420.04
BUD-0253,PRJ-0253,30337756.79,1876074.73,7338995.13,3217611.63,4191474.17,26146282.62
BUD-0254,PRJ-0254,42627457.06,15353953.01,11173978.58,7108975.23,19164099.64,23463357.42
BUD-0255,PRJ-0255,13234611.57,4412267.33,2181251.56,1643791.53,5233919.69,8000691.88
BUD-0256,PRJ-0256,30742247.73,10426120.3,5843781.84,4330080.26,3717647.72,27024600.01
BUD-0257,PRJ-0257,49093417.03,12202719.79,1924168.55,1127880.72,22158175.11,26935241.92
BUD-0258,PRJ-0258,37810954.26,4821494.32,14824582.25,6216898.32,14743693.95,23067260.31
BUD-0259,PRJ-0259,12196977.58,4599572.52,80127.23,1190939.05,1765478.61,10431498.97
BUD-0260,PRJ-0260,6312079.42,1886355.03,956482.35,294356.85,5248956.46,1063122.96
BUD-0261,PRJ-0261,23021444.3,149274.58,6929654.45,4132669.41,12157779.23,10863665.07
BUD-0262,PRJ-0262,12749538.75,599091.49,2826184.86,1173067.15,13748566.56,-999027.81
BUD-0263,PRJ-0263,3557023.35,1334760.74,1179967.72,96214.29,1562074.71,1994948.64
BUD-0264,PRJ-0264,10667373.53,1058722.84,3568507.94,112416.23,11716429.98,-1049056.45
BUD-0265,PRJ-0265,21063516.41,5155556.74,3764239.08,1063608.9,7284377.52,13779138.89
BUD-0266,PRJ-0266,649265.84,136769.72,136238.28,63737.32,121405.31,527860.53
BUD-0267,PRJ-0267,46761848.54,4185079.67,7543724.15,8459524.89,6697968.11,40063880.43
BUD-0268,PRJ-0268,32255487.51,4416566.42,334941.63,4925865.72,34449563.76,-2194076.25
BUD-0269,PRJ-0269,48225146.63,6319627.94,6560299.15,4072006.4,16905166.59,31319980.04
BUD-0270,PRJ-0270,36528977.97,13071665.14,9871096.7,2972076.88,37996586.19,-1467608.22
BUD-0271,PRJ-0271,26830713.62,8033830.48,1587964.94,3890731.54,26606600.26,224113.36
BUD-0272,PRJ-0272,38391751.5,167917.18,14746948.66,6938710.08,8167254.51,30224496.99
BUD-0273,PRJ-0273,29900235.3,10977570.65,11046628.69,3297186.35,28269438.27,1630797.03
BUD-0274,PRJ-0274,11254825.9,2627878.25,1471086.44,2154883.11,1594463.19,9660362.71
BUD-0275,PRJ-0275,30096924.88,11696745.35,1047814.44,3154978.81,26262618.68,3834306.2
BUD-0276,PRJ-0276,14120119.07,2589498.27,3902330.35,588121.68,13405529.55,714589.52
BUD-0277,PRJ-0277,26460921.46,2588023.93,8471575.95,1009184.68,7415097.86,19045823.6
BUD-0278,PRJ-0278,12427925.36,3791273.77,4572768.76,61170.36,11228168.96,1199756.4
BUD-0279,PRJ-0279,48405416.33,5315333.71,5493638.04,5650108.69,46713113.18,1692303.15
BUD-0280,PRJ-0280,42433102.6,1436024.53,14783861.16,2821156.49,17807975.05,24625127.55
BUD-0281,PRJ-0281,43744212.7,15689834.13,10198998.74,1664037.96,40144041.14,3600171.56
BUD-0282,PRJ-0282,46889408.28,13261202.07,4299989.32,1404083.64,45046006.0,1843402.28
BUD-0283,PRJ-0283,27827924.98,7622917.39,4618376.91,2949846.8,7698249.56,20129675.42
BUD-0284,PRJ-0284,18302408.59,6803656.44,2456089.9,421795.65,7949248.8,10353159.79
BUD-0285,PRJ-0285,20989543.44,6065198.91,2592028.84,3597100.33,2614244.03,18375299.41
BUD-0286,PRJ-0286,21170114.64,595432.52,6027611.13,2314000.56,15929359.27,5240755.37
BUD-0287,PRJ-0287,27756805.36,3543355.39,601570.44,1244408.65,3685469.55,24071335.81
BUD-0288,PRJ-0288,36772225.73,11406086.95,10654314.39,1664899.24,14136464.0,22635761.73
BUD-0289,PRJ-0289,47883226.25,14644015.27,174423.33,4626245.04,24738754.26,23144471.99
BUD-0290,PRJ-0290,31719731.57,8895294.62,2495530.63,4450286.32,27667410.59,4052320.98
BUD-0291,PRJ-0291,31082844.18,7202982.21,6740104.93,1766244.87,4753660.93,26329183.25
BUD-0292,PRJ-0292,1327944.31,526776.8,162252.63,248170.75,671435.78,656508.53
BUD-0293,PRJ-0293,26457077.36,6862210.48,1060015.51,2457619.03,3518919.34,22938158.02
BUD-0294,PRJ-0294,20146372.91,6029910.85,3580457.84,466308.96,18704987.62,1441385.29
BUD-0295,PRJ-0295,41489072.9,11694212.81,14507966.71,1424057.96,11780248.3,29708824.6
BUD-0296,PRJ-0296,3277689.49,1102587.47,332449.16,154841.76,3272847.25,4842.24
BUD-0297,PRJ-0297,48705067.41,15979530.5,14523946.26,919529.78,49248694.19,-543626.78
BUD-0298,PRJ-0298,46245883.7,15672985.48,6951750.79,4903952.19,34311846.86,11934036.84
BUD-0299,PRJ-0299,37736596.26,9153963.97,5691374.47,2689232.34,20906577.85,16830018.41
BUD-0300,PRJ-0300,42547400.05,16201730.55,4067480.66,5872835.95,8270948.59,34276451.46
BUD-0301,PRJ-0301,5335446.47,113622.9,1511936.45,1047227.82,3536357.57,1799088.9
BUD-0302,PRJ-0302,16655644.03,4818157.57,5951307.42,1972446.59,13085194.4,3570449.63
BUD-0303,PRJ-0303,9694023.37,2371734.49,2148281.01,494613.89,8476957.58,1217065.79
BUD-0304,PRJ-0304,13764615.53,2713140.91,1205997.53,2450564.77,10329793.85,3434821.68
BUD-0305,PRJ-0305,757163.51,176323.38,181270.57,113762.48,293417.83,463745.68
BUD-0306,PRJ-0306,21833486.04,2654822.92,3399246.8,3080976.16,7809837.99,14023648.05
BUD-0307,PRJ-0307,30103167.99,3599598.37,11954525.22,2149884.45,27135999.85,2967168.14
BUD-0308,PRJ-0308,45106234.22,13365359.53,10322524.23,8403722.75,11242370.66,33863863.56
BUD-0309,PRJ-0309,13786136.46,167235.81,2768363.86,2594354.0,6460298.37,7325838.09
BUD-0310,PRJ-0310,39241997.9,5818524.12,9071151.24,3088400.69,18922395.55,20319602.35
BUD-0311,PRJ-0311,23164150.83,4371903.77,8166565.86,1497664.41,22454134.26,710016.57
BUD-0312,PRJ-0312,43178816.37,16269095.96,3189274.2,973415.6,10674015.44,32504800.93
BUD-0313,PRJ-0313,30358957.79,1986366.3,365271.84,798686.5,23122537.18,7236420.61
BUD-0314,PRJ-0314,34900409.5,8835380.63,5377940.34,5167793.93,36028460.85,-1128051.35
BUD-0315,PRJ-0315,46637324.05,2306425.48,8163795.88,8031316.32,49410230.53,-2772906.48
BUD-0316,PRJ-0316,39985433.29,1924080.07,15832488.63,7088904.57,4796947.18,35188486.11
BUD-0317,PRJ-0317,33103816.94,5801575.6,92579.18,4306225.94,29394449.76,3709367.18
BUD-0318,PRJ-0318,26951186.36,9109921.45,87429.68,3004494.07,18584655.96,8366530.4
BUD-0319,PRJ-0319,38563225.37,802753.25,13462746.76,7671594.65,29064351.24,9498874.13
BUD-0320,PRJ-0320,16914036.75,2777992.4,1178817.2,101121.71,10141557.36,6772479.39
BUD-0321,PRJ-0321,26180489.46,8411376.73,7001379.72,2752624.02,26941470.13,-760980.67
BUD-0322,PRJ-0322,17575885.69,3476987.47,3510607.95,193893.79,9929305.46,7646580.23
BUD-0323,PRJ-0323,47063469.83,11102499.71,2568373.96,3642735.53,17767882.15,29295587.68
BUD-0324,PRJ-0324,17740864.68,6806374.75,791143.27,1204942.36,4070502.48,13670362.2
BUD-0325,PRJ-0325,2711811.11,849747.12,670729.12,229588.55,2027023.34,684787.77
BUD-0326,PRJ-0326,9135435.02,3524930.05,1670429.94,1168837.33,4878451.29,4256983.73
BUD-0327,PRJ-0327,9630362.87,1426441.1,2693875.02,1092986.86,10225086.69,-594723.82
BUD-0328,PRJ-0328,19747371.13,4703188.14,1362647.28,165071.62,4187796.78,15559574.35
BUD-0329,PRJ-0329,43662976.84,15751166.08,2142025.01,1803052.53,42148775.2,1514201.64
BUD-0330,PRJ-0330,43200509.1,14790143.0,12616554.65,4924266.32,21655041.8,21545467.3
BUD-0331,PRJ-0331,42353131.23,7812606.0,4818554.13,4504298.02,35514259.42,6838871.81
BUD-0332,PRJ-0332,12309349.96,901481.57,268751.88,1231140.9,9480895.97,2828453.99
BUD-0333,PRJ-0333,30023077.96,5634669.04,3227374.33,4870372.88,6179969.85,23843108.11
BUD-0334,PRJ-0334,8759843.43,2256935.34,703266.4,957583.74,5474387.21,3285456.22
BUD-0335,PRJ-0335,18272439.02,5355025.38,3607365.38,1825023.06,11895298.04,6377140.98
BUD-0336,PRJ-0336,25001007.47,9441909.93,2857535.75,2266702.53,15240414.7,9760592.77
BUD-0337,PRJ-0337,2027604.93,707020.02,517446.25,260160.85,686867.53,1340737.4
BUD-0338,PRJ-0338,39146639.77,5249124.37,8635792.61,1708065.52,30459769.58,8686870.19
BUD-0339,PRJ-0339,41219240.93,6405283.33,9562312.21,3882542.29,13816548.21,27402692.72
BUD-0340,PRJ-0340,43803087.39,6176601.97,13555636.3,7382688.82,9820465.63,33982621.76
BUD-0341,PRJ-0341,40688501.17,1049192.68,6215102.89,2083297.79,28955322.77,11733178.4
BUD-0342,PRJ-0342,7392130.81,407800.71,1159032.87,735945.05,5473222.58,1918908.23
BUD-0343,PRJ-0343,27169043.03,6200867.83,10458326.16,3134001.13,18402426.17,8766616.86
BUD-0344,PRJ-0344,48157213.75,4641408.78,771861.06,6047466.5,14968170.62,33189043.13
BUD-0345,PRJ-0345,35714045.02,7952377.34,7976554.09,302102.79,12332619.89,23381425.13
BUD-0346,PRJ-0346,22873590.27,4876062.35,4741665.54,3381581.0,16958344.96,5915245.31
BUD-0347,PRJ-0347,29306799.46,4414558.88,2798011.94,4944866.06,25875773.56,3431025.9
BUD-0348,PRJ-0348,11282581.78,3127466.08,287715.78,1357935.34,3135835.88,8146745.9
BUD-0349,PRJ-0349,29107715.19,6412988.03,5741737.96,2805056.76,10966791.58,18140923.61
BUD-0350,PRJ-0350,6649740.37,536214.67,461433.42,794035.59,1488810.96,5160929.41
BUD-0351,PRJ-0351,15442342.47,1256809.7,4620747.64,395029.77,11804950.16,3637392.31
BUD-0352,PRJ-0352,45238113.31,17618029.8,14497809.4,1260800.65,14962880.05,30275233.26
BUD-0353,PRJ-0353,5014359.77,911497.75,949818.3,444110.68,1609751.42,3404608.35
BUD-0354,PRJ-0354,26212490.6,134261.4,2599218.24,3419964.5,26360996.14,-148505.54
BUD-0355,PRJ-0355,7042669.98,2294413.52,1265786.25,1181505.61,5533144.74,1509525.24
BUD-0356,PRJ-0356,44108955.25,1026108.29,5779469.14,4265592.55,32824571.35,11284383.9
BUD-0357,PRJ-0357,28382915.12,8242201.78,8877486.71,3202076.36,21575747.96,6807167.16
BUD-0358,PRJ-0358,34485025.41,2851579.07,12620660.73,4622898.68,19266098.83,15218926.58
BUD-0359,PRJ-0359,48180811.17,12366493.74,4017407.9,2401299.08,15017135.46,33163675.71
BUD-0360,PRJ-0360,30249453.56,971704.84,8363555.64,3004516.73,31005461.43,-756007.87
BUD-0361,PRJ-0361,9838002.9,2332984.96,3546415.22,914780.8,1295247.83,8542755.07
BUD-0362,PRJ-0362,12433546.9,1387564.41,220544.46,1961837.21,1867069.05,10566477.85
BUD-0363,PRJ-0363,18587916.91,5233127.78,2805847.84,2399957.19,8932146.52,9655770.39
BUD-0364,PRJ-0364,13478171.22,1045897.16,3317848.52,547311.69,14715619.96,-1237448.74
BUD-0365,PRJ-0365,35239626.61,5765771.4,5353255.65,5830573.68,23843762.32,11395864.29
BUD-0366,PRJ-0366,48728512.53,142615.89,10176137.48,3087713.73,27317783.0,21410729.53
BUD-0367,PRJ-0367,22155559.13,5096144.1,2449357.93,3434247.86,2582733.56,19572825.57
BUD-0368,PRJ-0368,30637204.02,11228080.17,3296772.69,668336.16,20809086.76,9828117.26
BUD-0369,PRJ-0369,47674301.99,1333049.26,5752910.29,8184772.68,42232251.0,5442050.99
BUD-0370,PRJ-0370,40451838.41,9615600.2,4251129.89,1577188.67,35578274.28,4873564.13
BUD-0371,PRJ-0371,25783703.03,6049377.34,1227550.69,4939580.17,9756684.89,16027018.14
BUD-0372,PRJ-0372,5593793.29,1197509.22,205321.61,619589.86,1156820.06,4436973.23
BUD-0373,PRJ-0373,2776085.73,490778.99,997657.55,353146.85,2055343.4,720742.33
BUD-0374,PRJ-0374,16429199.72,6306803.23,5023829.8,2837308.55,3509676.76,12919522.96
BUD-0375,PRJ-0375,33829622.98,5034386.94,13142636.42,2185168.7,23214687.57,10614935.41
BUD-0376,PRJ-0376,43368595.38,13828699.81,15405609.55,691216.18,27264507.73,16104087.65
BUD-0377,PRJ-0377,14933956.99,4295073.81,272630.29,579691.61,2824795.56,12109161.43
BUD-0378,PRJ-0378,45071943.21,7162792.6,11610815.53,7850959.72,25152648.78,19919294.43
BUD-0379,PRJ-0379,31979121.06,3697836.48,11938227.27,4400931.63,29968148.83,2010972.23
BUD-0380,PRJ-0380,26725817.21,3262186.32,10060499.03,4858398.14,12944603.26,13781213.95
BUD-0381,PRJ-0381,46103082.95,18241554.5,109707.01,1656501.79,17695854.42,28407228.53
BUD-0382,PRJ-0382,32042176.16,2992953.51,9102333.92,5086327.53,7159524.01,24882652.15
BUD-0383,PRJ-0383,14937963.19,4172545.74,903736.38,761775.22,10799901.22,4138061.97
BUD-0384,PRJ-0384,4197028.07,848429.3,1450934.79,635168.13,1613718.62,2583309.45
BUD-0385,PRJ-0385,22753554.01,2721109.23,2549955.91,1755375.02,7875461.72,14878092.29
BUD-0386,PRJ-0386,23435656.46,8923723.0,5870414.58,1609255.72,3797957.29,19637699.17
BUD-0387,PRJ-0387,41878275.17,7937768.65,878173.99,5551369.49,42974756.67,-1096481.5
BUD-0388,PRJ-0388,2923055.57,941019.84,329621.28,342212.52,1511572.2,1411483.37
BUD-0389,PRJ-0389,27730984.15,900173.15,4925182.38,5519740.99,26434089.48,1296894.67
BUD-0390,PRJ-0390,39157519.68,6157541.83,5316221.08,602414.99,17913405.37,21244114.31
BUD-0391,PRJ-0391,13311622.29,3943425.63,3954362.37,21202.43,9749523.47,3562098.82
BUD-0392,PRJ-0392,45301359.53,5309706.15,1978019.71,3075195.07,12252069.09,33049290.44
BUD-0393,PRJ-0393,41173427.38,8499331.74,14916854.69,2791922.05,6891403.01,34282024.37
BUD-0394,PRJ-0394,45461058.69,15101591.19,9639149.16,8677333.32,16051974.56,29409084.13
BUD-0395,PRJ-0395,12666346.57,661247.26,1145270.53,515261.97,5519690.73,7146655.84
BUD-0396,PRJ-0396,19459256.16,5701938.61,145380.03,2025187.62,9575233.5,9884022.66
BUD-0397,PRJ-0397,39204830.46,9386676.0,14447373.57,2591057.93,42361756.55,-3156926.09
BUD-0398,PRJ-0398,19724873.09,6000661.5,2554820.41,477545.4,10475771.08,9249102.01
BUD-0399,PRJ-0399,40528367.24,1648420.35,6081581.63,3848113.31,30266463.61,10261903.63
BUD-0400,PRJ-0400,33014788.86,833362.33,4380839.88,4876408.96,8928367.98,24086420.88
BUD-0401,PRJ-0401,49581325.09,3576858.44,1744262.04,5808289.11,20031735.0,29549590.09
BUD-0402,PRJ-0402,35320917.7,9701758.39,9206708.72,1147297.52,7634377.03,27686540.67
BUD-0403,PRJ-0403,24776602.8,6041367.7,5017565.87,1452196.32,16919863.46,7856739.34
BUD-0404,PRJ-0404,533833.07,172826.48,85388.44,64531.18,205122.0,328711.07
BUD-0405,PRJ-0405,29537154.17,8323902.04,10653440.37,3441073.61,13640760.59,15896393.58
BUD-0406,PRJ-0406,5501092.42,661820.33,412151.74,367233.46,3743426.05,1757666.37
BUD-0407,PRJ-0407,35505554.6,1758262.18,2346763.32,5051854.33,3753703.18,31751851.42
BUD-0408,PRJ-0408,34580672.76,4211842.44,642065.29,376124.15,7195291.68,27385381.08
BUD-0409,PRJ-0409,9513046.92,2478132.41,2685566.07,840516.1,9533702.69,-20655.77
BUD-0410,PRJ-0410,37394494.74,7705001.68,7810581.75,3027767.97,40374561.65,-2980066.91
BUD-0411,PRJ-0411,1064083.2,254254.03,309574.51,48320.05,770653.02,293430.18
BUD-0412,PRJ-0412,563417.3,190169.01,71854.97,81363.34,161485.41,401931.89
BUD-0413,PRJ-0413,17885942.88,4795899.88,6795064.34,3405185.37,9963581.47,7922361.41
BUD-0414,PRJ-0414,4148614.78,552422.66,489556.85,537627.02,4203131.23,-54516.45
BUD-0415,PRJ-0415,8920207.56,3247439.87,1152408.28,1423994.91,1995932.94,6924274.62
BUD-0416,PRJ-0416,49271166.96,11053756.98,550040.93,955267.26,40369003.03,8902163.93
BUD-0417,PRJ-0417,3151009.26,676241.55,1118385.79,152858.21,915960.88,2235048.38
BUD-0418,PRJ-0418,14435392.14,4794303.34,3104525.98,509769.84,6630232.26,7805159.88
BUD-0419,PRJ-0419,3197990.16,406245.27,717630.87,598757.95,3404722.19,-206732.03
BUD-0420,PRJ-0420,5300851.43,1555688.43,355481.79,775712.48,5686997.02,-386145.59
BUD-0421,PRJ-0421,39351390.37,4000850.53,2782594.6,3105674.77,32849600.24,6501790.13
BUD-0422,PRJ-0422,18865515.98,4770600.32,7539250.29,613359.58,17613427.21,1252088.77
BUD-0423,PRJ-0423,13538340.08,1730073.02,5078895.9,2620386.31,14824361.22,-1286021.14
BUD-0424,PRJ-0424,27301725.8,1777635.22,5886433.89,2419254.3,26787061.06,514664.74
BUD-0425,PRJ-0425,44141866.54,7941142.18,6826223.31,2758847.21,6151370.45,37990496.09
BUD-0426,PRJ-0426,40122291.67,14748446.72,3216234.16,7967268.88,9413313.63,30708978.04
BUD-0427,PRJ-0427,10039941.16,2670229.39,3029615.67,1001058.86,10377839.33,-337898.17
BUD-0428,PRJ-0428,29954858.9,10786017.6,8501733.15,5453315.79,24145988.9,5808870.0
BUD-0429,PRJ-0429,42902896.94,16670771.66,12041500.34,7687626.89,17263436.27,25639460.67
BUD-0430,PRJ-0430,21269894.79,7351400.45,684674.68,1920300.02,12745064.32,8524830.47
BUD-0431,PRJ-0431,28352846.09,9009424.73,9566597.7,312468.01,12419717.75,15933128.34
BUD-0432,PRJ-0432,24536447.22,2185151.43,399528.51,3887691.57,8369430.7,16167016.52
BUD-0433,PRJ-0433,34200236.73,304474.45,9225973.95,5502611.07,32643220.99,1557015.74
BUD-0434,PRJ-0434,44903052.43,15506376.32,17361716.3,1316070.59,31357895.84,13545156.59
BUD-0435,PRJ-0435,11783891.97,3801024.27,691561.63,666140.98,10585220.39,1198671.58
BUD-0436,PRJ-0436,4919699.09,604918.69,174147.18,738078.67,2618561.87,2301137.22
BUD-0437,PRJ-0437,39678774.41,8464662.54,10664838.86,4718220.66,30410862.8,9267911.61
BUD-0438,PRJ-0438,1932933.89,660360.8,594156.09,369541.41,1131531.96,801401.93
BUD-0439,PRJ-0439,35379380.29,3348872.93,7818767.24,4954287.31,28642349.15,6737031.14
BUD-0440,PRJ-0440,18937104.7,4998067.43,6107030.16,657671.74,6050981.49,12886123.21
BUD-0441,PRJ-0441,41963861.63,9699015.19,15243124.19,5446428.91,43134890.89,-1171029.26
BUD-0442,PRJ-0442,28826774.02,7243334.12,8971272.58,2659530.9,30851749.67,-2024975.65
BUD-0443,PRJ-0443,1492591.7,332256.07,311540.45,294006.03,1120801.97,371789.73
BUD-0444,PRJ-0444,12993326.85,1461383.75,3399437.61,618892.78,13235186.29,-241859.44
BUD-0445,PRJ-0445,23601551.77,4337835.02,6158023.46,391668.77,23690933.34,-89381.57
BUD-0446,PRJ-0446,14492505.45,2160389.58,1402066.55,2382151.66,10350489.85,4142015.6
BUD-0447,PRJ-0447,32977920.46,9008231.19,7844957.35,4454982.32,27222201.03,5755719.43
BUD-0448,PRJ-0448,33196251.02,4266564.44,4183396.2,3115024.15,24923767.48,8272483.54
BUD-0449,PRJ-0449,19719608.59,103583.79,3728166.21,3373673.07,3096538.15,16623070.44
BUD-0450,PRJ-0450,18245608.02,3642361.45,2767774.09,2644632.49,13783487.46,4462120.56
BUD-0451,PRJ-0451,6833234.91,2127745.91,848368.51,400498.64,4452389.76,2380845.15
BUD-0452,PRJ-0452,11554732.31,2847797.16,4223879.35,473194.5,7832591.08,3722141.23
BUD-0453,PRJ-0453,23456151.1,3576594.82,3933690.42,4495934.25,10473244.29,12982906.81
BUD-0454,PRJ-0454,23874874.28,721577.28,5244895.99,74609.69,5377714.28,18497160.0
BUD-0455,PRJ-0455,43607032.74,10116977.51,1318967.74,6817037.18,18548470.72,25058562.02
BUD-0456,PRJ-0456,16160981.15,1842653.55,2352738.93,2423534.07,5772779.76,10388201.39
BUD-0457,PRJ-0457,3371672.62,531530.0,482211.21,85971.07,886356.59,2485316.03
BUD-0458,PRJ-0458,38296673.77,12638525.48,10859943.69,5692175.62,35123093.4,3173580.37
BUD-0459,PRJ-0459,48283728.09,6811846.78,1904446.63,4004510.25,34394125.99,13889602.1
BUD-0460,PRJ-0460,37963963.03,5413858.6,13985620.48,5351241.0,28831624.51,9132338.52
BUD-0461,PRJ-0461,43910764.2,503790.21,7243493.41,2724197.1,44645441.11,-734676.91
BUD-0462,PRJ-0462,3731707.61,382383.38,1291518.66,696727.98,773413.76,2958293.85
BUD-0463,PRJ-0463,21966428.89,6657554.84,6463819.7,62930.02,7235267.32,14731161.57
BUD-0464,PRJ-0464,11806705.1,3479630.31,1226622.6,1170151.72,11257717.81,548987.29
BUD-0465,PRJ-0465,18646276.84,6877527.99,1104694.32,900050.11,11124882.53,7521394.31
BUD-0466,PRJ-0466,49736671.57,17238908.85,9711663.31,5006780.06,11653709.61,38082961.96
BUD-0467,PRJ-0467,6617955.62,2305328.59,2537550.84,1314527.12,6021286.29,596669.33
BUD-0468,PRJ-0468,33252396.52,12715850.84,9039843.99,1455361.66,9933223.52,23319173.0
BUD-0469,PRJ-0469,6143621.36,319723.02,1292133.88,553468.42,5686145.59,457475.77
BUD-0470,PRJ-0470,18217130.91,6369243.56,5955327.15,2389145.17,17977447.88,239683.03
BUD-0471,PRJ-0471,46689655.06,4335054.97,17642759.32,2882537.74,31291534.92,15398120.14
BUD-0472,PRJ-0472,24958149.43,6824387.72,7491276.45,4381739.85,13555277.39,11402872.04
BUD-0473,PRJ-0473,13574188.63,695589.18,4908696.62,1209058.92,14310150.64,-735962.01
BUD-0474,PRJ-0474,37057739.69,8638253.24,3657121.85,6351815.88,15459516.74,21598222.95
BUD-0475,PRJ-0475,44779117.06,3934148.86,1616100.8,5438017.92,44382722.29,396394.77
BUD-0476,PRJ-0476,48134341.54,4632117.73,19023766.63,8643755.32,50732218.74,-2597877.2
BUD-0477,PRJ-0477,34960408.74,7070987.42,2306971.13,1698443.7,38327501.7,-3367092.96
BUD-0478,PRJ-0478,22189058.85,6510385.49,3000664.13,4310057.75,20334303.71,1854755.14
BUD-0479,PRJ-0479,44435899.44,11984380.81,516982.59,2102691.23,43930225.13,505674.31
BUD-0480,PRJ-0480,43482447.46,1706684.33,13944613.73,2132328.07,44690355.78,-1207908.32
BUD-0481,PRJ-0481,36469272.44,8004186.05,5461270.12,694137.45,18872181.93,17597090.51
BUD-0482,PRJ-0482,41408672.1,785384.22,1168329.75,1284590.12,5690981.5,35717690.6
BUD-0483,PRJ-0483,8687491.73,915931.96,1913106.97,788991.62,1527284.8,7160206.93
BUD-0484,PRJ-0484,27749530.7,2942737.52,4720277.28,2368063.75,6513258.04,21236272.66
BUD-0485,PRJ-0485,4856983.15,1058780.91,1264282.68,621602.2,3157781.18,1699201.97
BUD-0486,PRJ-0486,20910758.11,584034.92,4771460.07,2408835.0,5932732.64,14978025.47
BUD-0487,PRJ-0487,10739136.82,3675943.36,939993.05,293126.2,10329750.16,409386.66
BUD-0488,PRJ-0488,38487111.79,2930348.78,4828197.74,3824742.8,4641540.26,33845571.53
BUD-0489,PRJ-0489,17397177.17,1465840.33,2160213.46,381419.36,5446102.03,11951075.14
BUD-0490,PRJ-0490,41181013.67,1139517.66,788753.26,190984.83,21058259.87,20122753.8
BUD-0491,PRJ-0491,19948376.25,65416.95,145048.52,1180319.99,18820404.77,1127971.48
BUD-0492,PRJ-0492,41954578.76,3972157.33,6180324.01,8056438.48,12556069.21,29398509.55
BUD-0493,PRJ-0493,714712.57,121582.02,61163.29,78072.92,396819.14,317893.43
BUD-0494,PRJ-0494,36659485.76,2194445.85,10001406.44,4984889.73,39437229.77,-2777744.01
BUD-0495,PRJ-0495,44128833.07,6339744.41,13339519.44,8786380.23,30748794.95,13380038.12
BUD-0496,PRJ-0496,7101905.64,1883353.87,1415021.34,1133178.22,4007270.73,3094634.91
BUD-0497,PRJ-0497,10880778.46,2298967.1,3338139.11,1941614.06,1923233.78,8957544.68
BUD-0498,PRJ-0498,34868442.7,8139034.49,6954454.82,3870437.27,22988843.42,11879599.28
BUD-0499,PRJ-0499,47162345.72,8591139.77,8018489.95,6943341.23,44756707.59,2405638.13
BUD-0500,PRJ-0500,7693672.23,2668058.85,709193.73,749574.18,7830809.65,-137137.42
