employee_allocation_id,project_id,employee_id,start_date,end_date,role,allocation_status
EMPA-0001,PRJ-0107,EMP-0001,2026-03-19,2026-03-30,Safety Officer,Completed
EMPA-0002,PRJ-0472,EMP-0258,2026-03-10,2026-03-23,Civil Engineer,Scheduled
EMPA-0003,PRJ-0465,EMP-0445,2026-03-21,2026-04-14,Plumber,Active
EMPA-0004,PRJ-0236,EMP-0180,2027-05-16,2027-05-30,Safety Officer,Active
EMPA-0005,PRJ-0025,EMP-0457,2027-05-13,2027-05-27,Mason,Active
EMPA-0006,PRJ-0213,EMP-0076,2026-05-22,2026-05-30,Architect,Completed
EMPA-0007,PRJ-0217,EMP-0111,2026-11-29,2026-12-10,Laborer,Completed
EMPA-0008,PRJ-0145,EMP-0109,2027-12-16,2028-01-06,Welder,Active
EMPA-0009,PRJ-0207,EMP-0261,2027-12-05,2027-12-26,Project Manager,Active
EMPA-0010,PRJ-0383,EMP-0379,2027-09-19,2027-09-28,Electrician,Scheduled
EMPA-0011,PRJ-0054,EMP-0276,2026-07-02,2026-07-25,Carpenter,Scheduled
EMPA-0012,PRJ-0101,EMP-0114,2026-03-06,2026-03-22,Electrician,Completed
EMPA-0013,PRJ-0216,EMP-0046,2027-08-21,2027-09-14,Welder,Completed
EMPA-0014,PRJ-0462,EMP-0025,2027-02-25,2027-03-27,Welder,Scheduled
EMPA-0015,PRJ-0430,EMP-0064,2028-02-13,2028-02-29,Civil Engineer,Active
EMPA-0016,PRJ-0144,EMP-0444,2027-04-27,2027-05-13,Safety Officer,Active
EMPA-0017,PRJ-0454,EMP-0220,2027-10-23,2027-11-15,Architect,Active
EMPA-0018,PRJ-0456,EMP-0070,2027-01-10,2027-01-19,Heavy Equipment Operator,Active
EMPA-0019,PRJ-0228,EMP-0276,2027-02-18,2027-03-14,Carpenter,Scheduled
EMPA-0020,PRJ-0261,EMP-0315,2026-10-11,2026-10-30,Carpenter,Completed
EMPA-0021,PRJ-0251,EMP-0417,2026-08-24,2026-09-03,Electrician,Active
EMPA-0022,PRJ-0495,EMP-0396,2027-12-29,2028-01-11,Plumber,Completed
EMPA-0023,PRJ-0140,EMP-0351,2027-08-20,2027-09-11,Plumber,Scheduled
EMPA-0024,PRJ-0482,EMP-0147,2028-01-16,2028-02-03,Welder,Completed
EMPA-0025,PRJ-0172,EMP-0071,2026-04-05,2026-04-18,Plumber,Scheduled
EMPA-0026,PRJ-0229,EMP-0384,2026-07-12,2026-08-08,Site Engineer,Active
EMPA-0027,PRJ-0450,EMP-0423,2028-02-25,2028-02-27,Carpenter,Scheduled
EMPA-0028,PRJ-0244,EMP-0200,2027-06-09,2027-06-24,Architect,Completed
EMPA-0029,PRJ-0244,EMP-0145,2027-05-12,2027-05-22,Electrician,Scheduled
EMPA-0030,PRJ-0012,EMP-0491,2026-07-17,2026-08-03,Carpenter,Active
EMPA-0031,PRJ-0240,EMP-0182,2027-10-12,2027-10-23,Welder,Completed
EMPA-0032,PRJ-0228,EMP-0180,2027-02-10,2027-02-21,Safety Officer,Scheduled
EMPA-0033,PRJ-0039,EMP-0163,2026-11-15,2026-12-02,Carpenter,Scheduled
EMPA-0034,PRJ-0334,EMP-0398,2027-05-27,2027-05-30,Foreman,Completed
EMPA-0035,PRJ-0302,EMP-0030,2027-11-01,2027-11-04,Carpenter,Completed
EMPA-0036,PRJ-0368,EMP-0024,2026-05-05,2026-06-03,Safety Officer,Active
EMPA-0037,PRJ-0379,EMP-0018,2027-04-15,2027-04-30,Electrician,Active
EMPA-0038,PRJ-0204,EMP-0183,2027-04-26,2027-05-14,Civil Engineer,Scheduled
EMPA-0039,PRJ-0124,EMP-0382,2026-10-02,2026-10-27,Carpenter,Active
EMPA-0040,PRJ-0176,EMP-0126,2027-07-24,2027-08-20,Electrician,Active
EMPA-0041,PRJ-0336,EMP-0337,2026-08-15,2026-08-28,Site Engineer,Scheduled
EMPA-0042,PRJ-0176,EMP-0489,2027-07-02,2027-07-10,Safety Officer,Completed
EMPA-0043,PRJ-0067,EMP-0483,2026-09-08,2026-09-23,Safety Officer,Scheduled
EMPA-0044,PRJ-0324,EMP-0350,2027-02-14,2027-03-09,Surveyor,Scheduled
EMPA-0045,PRJ-0442,EMP-0491,2026-01-31,2026-02-10,Carpenter,Active
EMPA-0046,PRJ-0015,EMP-0438,2026-02-17,2026-03-14,Mason,Scheduled
EMPA-0047,PRJ-0036,EMP-0031,2026-05-02,2026-05-11,Plumber,Active
EMPA-0048,PRJ-0300,EMP-0386,2026-07-28,2026-08-10,Mason,Active
EMPA-0049,PRJ-0040,EMP-0041,2028-01-12,2028-02-05,Surveyor,Completed
EMPA-0050,PRJ-0257,EMP-0291,2027-01-08,2027-02-02,Surveyor,Active
EMPA-0051,PRJ-0427,EMP-0161,2027-04-10,2027-04-14,Project Manager,Completed
EMPA-0052,PRJ-0053,EMP-0350,2027-04-20,2027-05-02,Surveyor,Completed
EMPA-0053,PRJ-0111,EMP-0384,2027-07-02,2027-07-29,Site Engineer,Active
EMPA-0054,PRJ-0206,EMP-0219,2027-04-04,2027-04-15,Carpenter,Completed
EMPA-0055,PRJ-0157,EMP-0241,2026-06-23,2026-07-08,Plumber,Scheduled
EMPA-0056,PRJ-0262,EMP-0330,2027-09-03,2027-09-25,Heavy Equipment Operator,Active
EMPA-0057,PRJ-0262,EMP-0250,2027-08-28,2027-08-30,Mason,Active
EMPA-0058,PRJ-0369,EMP-0237,2026-02-28,2026-03-20,Electrician,Active
EMPA-0059,PRJ-0205,EMP-0344,2026-05-03,2026-06-01,Heavy Equipment Operator,Active
EMPA-0060,PRJ-0281,EMP-0454,2026-10-11,2026-11-04,Safety Officer,Completed
EMPA-0061,PRJ-0009,EMP-0380,2027-11-05,2027-11-29,Welder,Scheduled
EMPA-0062,PRJ-0189,EMP-0207,2027-01-14,2027-02-04,Civil Engineer,Completed
EMPA-0063,PRJ-0192,EMP-0009,2026-02-22,2026-03-16,Project Manager,Completed
EMPA-0064,PRJ-0035,EMP-0142,2026-09-12,2026-09-19,Safety Officer,Completed
EMPA-0065,PRJ-0120,EMP-0355,2027-04-01,2027-04-03,Architect,Completed
EMPA-0066,PRJ-0093,EMP-0295,2027-11-12,2027-11-19,Foreman,Active
EMPA-0067,PRJ-0217,EMP-0466,2026-12-01,2026-12-30,Electrician,Scheduled
EMPA-0068,PRJ-0162,EMP-0143,2026-04-20,2026-05-07,Civil Engineer,Completed
EMPA-0069,PRJ-0124,EMP-0320,2026-10-18,2026-11-02,Site Engineer,Scheduled
EMPA-0070,PRJ-0469,EMP-0080,2026-04-22,2026-05-02,Foreman,Scheduled
EMPA-0071,PRJ-0182,EMP-0035,2026-04-03,2026-05-03,Foreman,Scheduled
EMPA-0072,PRJ-0273,EMP-0199,2026-02-10,2026-02-13,Civil Engineer,Active
EMPA-0073,PRJ-0249,EMP-0158,2027-12-15,2028-01-13,Carpenter,Scheduled
EMPA-0074,PRJ-0110,EMP-0283,2027-10-13,2027-11-10,Carpenter,Scheduled
EMPA-0075,PRJ-0130,EMP-0233,2026-11-06,2026-12-01,Project Manager,Completed
EMPA-0076,PRJ-0174,EMP-0086,2027-08-25,2027-09-10,Heavy Equipment Operator,Active
EMPA-0077,PRJ-0443,EMP-0155,2026-10-10,2026-10-16,Surveyor,Scheduled
EMPA-0078,PRJ-0097,EMP-0168,2027-08-19,2027-08-29,Electrician,Active
EMPA-0079,PRJ-0053,EMP-0009,2027-04-23,2027-05-23,Project Manager,Completed
EMPA-0080,PRJ-0448,EMP-0345,2027-06-24,2027-07-19,Civil Engineer,Scheduled
EMPA-0081,PRJ-0401,EMP-0259,2026-09-12,2026-10-04,Welder,Scheduled
EMPA-0082,PRJ-0430,EMP-0183,2027-12-24,2028-01-12,Civil Engineer,Completed
EMPA-0083,PRJ-0350,EMP-0359,2026-04-08,2026-05-07,Architect,Active
EMPA-0084,PRJ-0212,EMP-0159,2026-11-22,2026-12-21,Site Engineer,Active
EMPA-0085,PRJ-0246,EMP-0155,2027-08-17,2027-08-25,Surveyor,Scheduled
EMPA-0086,PRJ-0497,EMP-0105,2027-09-11,2027-09-24,Laborer,Scheduled
EMPA-0087,PRJ-0259,EMP-0346,2027-08-22,2027-08-24,Civil Engineer,Scheduled
EMPA-0088,PRJ-0182,EMP-0264,2026-04-13,2026-04-21,Foreman,Active
EMPA-0089,PRJ-0462,EMP-0484,2027-02-23,2027-03-21,Site Engineer,Active
EMPA-0090,PRJ-0274,EMP-0418,2026-02-20,2026-03-05,Civil Engineer,Scheduled
EMPA-0091,PRJ-0487,EMP-0319,2027-11-24,2027-12-12,Site Engineer,Completed
EMPA-0092,PRJ-0187,EMP-0327,2026-03-05,2026-03-29,Safety Officer,Scheduled
EMPA-0093,PRJ-0251,EMP-0282,2026-08-31,2026-09-12,Architect,Active
EMPA-0094,PRJ-0449,EMP-0319,2027-07-15,2027-08-05,Site Engineer,Scheduled
EMPA-0095,PRJ-0415,EMP-0296,2026-12-26,2027-01-06,Surveyor,Completed
EMPA-0096,PRJ-0454,EMP-0347,2027-12-01,2027-12-05,Site Engineer,Scheduled
EMPA-0097,PRJ-0498,EMP-0284,2026-06-09,2026-06-21,Heavy Equipment Operator,Active
EMPA-0098,PRJ-0414,EMP-0266,2027-10-07,2027-11-06,Surveyor,Scheduled
EMPA-0099,PRJ-0193,EMP-0236,2026-11-14,2026-12-10,Mason,Completed
EMPA-0100,PRJ-0092,EMP-0111,2027-07-24,2027-08-01,Laborer,Scheduled
EMPA-0101,PRJ-0301,EMP-0113,2026-06-12,2026-07-01,Heavy Equipment Operator,Completed
EMPA-0102,PRJ-0047,EMP-0281,2027-06-13,2027-07-07,Heavy Equipment Operator,Scheduled
EMPA-0103,PRJ-0375,EMP-0029,2026-04-02,2026-04-21,Carpenter,Scheduled
EMPA-0104,PRJ-0420,EMP-0133,2026-12-23,2027-01-06,Foreman,Scheduled
EMPA-0105,PRJ-0133,EMP-0066,2026-10-12,2026-11-02,Welder,Scheduled
EMPA-0106,PRJ-0160,EMP-0469,2027-04-08,2027-04-13,Foreman,Completed
EMPA-0107,PRJ-0312,EMP-0449,2027-03-05,2027-03-25,Mason,Active
EMPA-0108,PRJ-0382,EMP-0431,2026-04-12,2026-05-08,Site Engineer,Scheduled
EMPA-0109,PRJ-0431,EMP-0301,2027-09-20,2027-09-25,Civil Engineer,Scheduled
EMPA-0110,PRJ-0033,EMP-0264,2026-04-13,2026-04-19,Foreman,Active
EMPA-0111,PRJ-0464,EMP-0099,2027-01-21,2027-01-25,Plumber,Scheduled
EMPA-0112,PRJ-0152,EMP-0371,2026-05-31,2026-06-04,Architect,Scheduled
EMPA-0113,PRJ-0128,EMP-0043,2027-11-14,2027-12-14,Carpenter,Completed
EMPA-0114,PRJ-0183,EMP-0186,2027-10-07,2027-11-05,Carpenter,Scheduled
EMPA-0115,PRJ-0488,EMP-0033,2026-03-17,2026-03-26,Safety Officer,Scheduled
EMPA-0116,PRJ-0098,EMP-0031,2027-10-23,2027-11-03,Plumber,Active
EMPA-0117,PRJ-0006,EMP-0231,2026-06-05,2026-06-24,Architect,Scheduled
EMPA-0118,PRJ-0344,EMP-0365,2027-08-16,2027-09-15,Welder,Scheduled
EMPA-0119,PRJ-0316,EMP-0455,2027-09-03,2027-09-18,Welder,Active
EMPA-0120,PRJ-0315,EMP-0282,2027-02-09,2027-03-04,Architect,Active
EMPA-0121,PRJ-0164,EMP-0234,2027-03-09,2027-04-03,Laborer,Completed
EMPA-0122,PRJ-0222,EMP-0122,2027-10-04,2027-10-31,Site Engineer,Active
EMPA-0123,PRJ-0167,EMP-0454,2026-04-10,2026-04-15,Safety Officer,Completed
EMPA-0124,PRJ-0380,EMP-0499,2027-11-16,2027-12-07,Plumber,Completed
EMPA-0125,PRJ-0051,EMP-0073,2028-01-22,2028-02-12,Plumber,Completed
EMPA-0126,PRJ-0137,EMP-0175,2027-01-24,2027-01-27,Heavy Equipment Operator,Active
EMPA-0127,PRJ-0158,EMP-0351,2026-12-21,2027-01-11,Plumber,Completed
EMPA-0128,PRJ-0412,EMP-0053,2026-03-12,2026-03-27,Carpenter,Scheduled
EMPA-0129,PRJ-0470,EMP-0356,2027-11-02,2027-11-16,Site Engineer,Completed
EMPA-0130,PRJ-0195,EMP-0354,2027-04-24,2027-04-28,Civil Engineer,Scheduled
EMPA-0131,PRJ-0031,EMP-0459,2027-09-10,2027-10-10,Project Manager,Completed
EMPA-0132,PRJ-0373,EMP-0270,2027-07-16,2027-07-22,Welder,Scheduled
EMPA-0133,PRJ-0341,EMP-0129,2026-12-31,2027-01-27,Welder,Completed
EMPA-0134,PRJ-0064,EMP-0208,2026-09-28,2026-10-04,Electrician,Active
EMPA-0135,PRJ-0423,EMP-0258,2027-05-31,2027-06-06,Civil Engineer,Scheduled
EMPA-0136,PRJ-0352,EMP-0043,2027-02-14,2027-03-13,Carpenter,Active
EMPA-0137,PRJ-0183,EMP-0476,2027-11-04,2027-11-18,Civil Engineer,Scheduled
EMPA-0138,PRJ-0333,EMP-0401,2028-01-05,2028-02-02,Project Manager,Completed
EMPA-0139,PRJ-0292,EMP-0399,2026-01-31,2026-02-06,Surveyor,Scheduled
EMPA-0140,PRJ-0271,EMP-0100,2026-03-05,2026-03-15,Carpenter,Active
EMPA-0141,PRJ-0294,EMP-0410,2027-08-22,2027-09-15,Site Engineer,Scheduled
EMPA-0142,PRJ-0382,EMP-0002,2026-03-28,2026-04-10,Welder,Completed
EMPA-0143,PRJ-0118,EMP-0072,2028-01-13,2028-02-09,Foreman,Completed
EMPA-0144,PRJ-0325,EMP-0473,2028-02-12,2028-03-05,Heavy Equipment Operator,Active
EMPA-0145,PRJ-0253,EMP-0067,2026-12-11,2026-12-17,Plumber,Completed
EMPA-0146,PRJ-0322,EMP-0234,2027-02-08,2027-03-04,Laborer,Scheduled
EMPA-0147,PRJ-0081,EMP-0075,2026-08-07,2026-08-10,Laborer,Completed
EMPA-0148,PRJ-0339,EMP-0238,2026-06-24,2026-07-23,Foreman,Active
EMPA-0149,PRJ-0287,EMP-0174,2026-10-02,2026-10-19,Site Engineer,Completed
EMPA-0150,PRJ-0066,EMP-0131,2026-02-27,2026-03-07,Plumber,Completed
EMPA-0151,PRJ-0238,EMP-0481,2026-01-25,2026-01-31,Safety Officer,Completed
EMPA-0152,PRJ-0180,EMP-0046,2026-12-21,2027-01-02,Welder,Scheduled
EMPA-0153,PRJ-0462,EMP-0368,2027-03-20,2027-03-23,Heavy Equipment Operator,Active
EMPA-0154,PRJ-0347,EMP-0263,2026-12-07,2027-01-03,Architect,Completed
EMPA-0155,PRJ-0012,EMP-0362,2026-07-21,2026-07-27,Surveyor,Completed
EMPA-0156,PRJ-0486,EMP-0265,2026-05-27,2026-05-29,Site Engineer,Active
EMPA-0157,PRJ-0023,EMP-0148,2027-11-13,2027-11-15,Welder,Scheduled
EMPA-0158,PRJ-0406,EMP-0479,2027-03-03,2027-03-10,Mason,Active
EMPA-0159,PRJ-0007,EMP-0215,2026-05-02,2026-05-15,Plumber,Active
EMPA-0160,PRJ-0454,EMP-0245,2027-10-28,2027-11-13,Plumber,Active
EMPA-0161,PRJ-0355,EMP-0311,2028-01-04,2028-01-07,Foreman,Completed
EMPA-0162,PRJ-0297,EMP-0012,2027-06-12,2027-07-11,Carpenter,Scheduled
EMPA-0163,PRJ-0325,EMP-0258,2028-01-30,2028-02-19,Civil Engineer,Completed
EMPA-0164,PRJ-0170,EMP-0224,2027-11-28,2027-12-22,Mason,Active
EMPA-0165,PRJ-0105,EMP-0019,2027-07-16,2027-08-15,Safety Officer,Active
EMPA-0166,PRJ-0169,EMP-0322,2027-12-15,2027-12-28,Welder,Active
EMPA-0167,PRJ-0413,EMP-0069,2027-03-20,2027-04-07,Laborer,Completed
EMPA-0168,PRJ-0252,EMP-0272,2026-03-12,2026-03-30,Laborer,Active
EMPA-0169,PRJ-0373,EMP-0451,2027-06-30,2027-07-13,Site Engineer,Active
EMPA-0170,PRJ-0357,EMP-0467,2026-06-25,2026-07-16,Site Engineer,Scheduled
EMPA-0171,PRJ-0038,EMP-0106,2028-01-15,2028-02-07,Laborer,Scheduled
EMPA-0172,PRJ-0214,EMP-0332,2026-12-30,2027-01-29,Safety Officer,Scheduled
EMPA-0173,PRJ-0432,EMP-0303,2026-12-20,2027-01-19,Foreman,Scheduled
EMPA-0174,PRJ-0051,EMP-0410,2028-02-11,2028-03-11,Site Engineer,Scheduled
EMPA-0175,PRJ-0285,EMP-0196,2027-04-26,2027-05-06,Project Manager,Active
EMPA-0176,PRJ-0426,EMP-0302,2027-02-26,2027-03-21,Project Manager,Active
EMPA-0177,PRJ-0463,EMP-0452,2027-04-17,2027-05-13,Plumber,Completed
EMPA-0178,PRJ-0316,EMP-0008,2027-07-31,2027-08-18,Civil Engineer,Scheduled
EMPA-0179,PRJ-0107,EMP-0169,2026-02-06,2026-03-04,Laborer,Completed
EMPA-0180,PRJ-0374,EMP-0132,2026-08-26,2026-09-13,Site Engineer,Completed
EMPA-0181,PRJ-0409,EMP-0392,2026-01-22,2026-02-16,Surveyor,Scheduled
EMPA-0182,PRJ-0287,EMP-0087,2026-10-23,2026-11-16,Plumber,Completed
EMPA-0183,PRJ-0149,EMP-0158,2026-08-26,2026-09-15,Carpenter,Completed
EMPA-0184,PRJ-0386,EMP-0063,2027-07-19,2027-08-04,Project Manager,Completed
EMPA-0185,PRJ-0375,EMP-0025,2026-04-13,2026-04-22,Welder,Active
EMPA-0186,PRJ-0226,EMP-0066,2026-07-02,2026-07-11,Welder,Completed
EMPA-0187,PRJ-0184,EMP-0452,2027-03-02,2027-03-27,Plumber,Active
EMPA-0188,PRJ-0243,EMP-0111,2027-03-02,2027-03-05,Laborer,Completed
EMPA-0189,PRJ-0170,EMP-0374,2027-11-17,2027-11-23,Welder,Completed
EMPA-0190,PRJ-0374,EMP-0202,2026-08-03,2026-08-05,Welder,Completed
EMPA-0191,PRJ-0131,EMP-0443,2026-09-21,2026-10-17,Carpenter,Completed
EMPA-0192,PRJ-0207,EMP-0418,2027-11-26,2027-12-14,Civil Engineer,Completed
EMPA-0193,PRJ-0395,EMP-0212,2026-07-25,2026-08-21,Electrician,Active
EMPA-0194,PRJ-0195,EMP-0353,2027-04-27,2027-05-03,Project Manager,Completed
EMPA-0195,PRJ-0457,EMP-0086,2026-12-30,2027-01-25,Heavy Equipment Operator,Completed
EMPA-0196,PRJ-0481,EMP-0340,2027-07-24,2027-08-16,Civil Engineer,Scheduled
EMPA-0197,PRJ-0447,EMP-0454,2026-12-21,2027-01-08,Safety Officer,Scheduled
EMPA-0198,PRJ-0368,EMP-0275,2026-05-26,2026-05-28,Site Engineer,Scheduled
EMPA-0199,PRJ-0270,EMP-0112,2026-07-11,2026-07-20,Electrician,Active
EMPA-0200,PRJ-0108,EMP-0022,2026-09-15,2026-10-15,Civil Engineer,Completed
EMPA-0201,PRJ-0264,EMP-0176,2026-12-29,2027-01-17,Heavy Equipment Operator,Completed
EMPA-0202,PRJ-0153,EMP-0349,2027-01-15,2027-02-12,Mason,Active
EMPA-0203,PRJ-0249,EMP-0465,2027-12-13,2028-01-04,Safety Officer,Active
EMPA-0204,PRJ-0258,EMP-0010,2026-02-15,2026-03-01,Mason,Active
EMPA-0205,PRJ-0166,EMP-0411,2027-05-22,2027-05-31,Surveyor,Active
EMPA-0206,PRJ-0499,EMP-0138,2027-02-11,2027-02-21,Foreman,Completed
EMPA-0207,PRJ-0167,EMP-0426,2026-04-27,2026-05-14,Laborer,Active
EMPA-0208,PRJ-0076,EMP-0041,2026-02-26,2026-03-11,Surveyor,Completed
EMPA-0209,PRJ-0103,EMP-0042,2026-06-17,2026-07-04,Laborer,Active
EMPA-0210,PRJ-0460,EMP-0177,2027-08-13,2027-09-09,Mason,Completed
EMPA-0211,PRJ-0169,EMP-0308,2027-12-02,2027-12-09,Architect,Completed
EMPA-0212,PRJ-0359,EMP-0319,2026-06-24,2026-07-04,Site Engineer,Completed
EMPA-0213,PRJ-0363,EMP-0235,2026-12-08,2026-12-12,Site Engineer,Completed
EMPA-0214,PRJ-0033,EMP-0362,2026-05-03,2026-05-14,Surveyor,Completed
EMPA-0215,PRJ-0198,EMP-0351,2026-10-30,2026-11-06,Plumber,Active
EMPA-0216,PRJ-0228,EMP-0166,2027-03-18,2027-03-23,Surveyor,Completed
EMPA-0217,PRJ-0334,EMP-0061,2027-07-03,2027-07-24,Heavy Equipment Operator,Completed
EMPA-0218,PRJ-0253,EMP-0218,2026-11-09,2026-11-21,Safety Officer,Scheduled
EMPA-0219,PRJ-0138,EMP-0314,2027-11-18,2027-12-01,Foreman,Active
EMPA-0220,PRJ-0037,EMP-0393,2026-10-21,2026-11-16,Architect,Completed
EMPA-0221,PRJ-0224,EMP-0160,2027-11-30,2027-12-05,Carpenter,Completed
EMPA-0222,PRJ-0207,EMP-0226,2027-11-19,2027-12-10,Surveyor,Active
EMPA-0223,PRJ-0122,EMP-0479,2027-12-01,2027-12-03,Mason,Scheduled
EMPA-0224,PRJ-0290,EMP-0490,2026-03-04,2026-03-17,Project Manager,Completed
EMPA-0225,PRJ-0259,EMP-0419,2027-08-21,2027-08-24,Electrician,Scheduled
EMPA-0226,PRJ-0203,EMP-0402,2027-04-08,2027-05-06,Architect,Scheduled
EMPA-0227,PRJ-0044,EMP-0389,2026-09-20,2026-10-02,Mason,Completed
EMPA-0228,PRJ-0244,EMP-0334,2027-06-20,2027-06-26,Civil Engineer,Scheduled
EMPA-0229,PRJ-0473,EMP-0144,2026-04-23,2026-04-29,Electrician,Completed
EMPA-0230,PRJ-0144,EMP-0389,2027-05-09,2027-06-05,Mason,Completed
EMPA-0231,PRJ-0111,EMP-0157,2027-07-23,2027-08-15,Heavy Equipment Operator,Completed
EMPA-0232,PRJ-0086,EMP-0246,2027-07-27,2027-08-11,Safety Officer,Completed
EMPA-0233,PRJ-0025,EMP-0291,2027-06-09,2027-06-27,Surveyor,Active
EMPA-0234,PRJ-0224,EMP-0336,2027-11-18,2027-11-21,Project Manager,Scheduled
EMPA-0235,PRJ-0412,EMP-0325,2026-05-05,2026-05-23,Heavy Equipment Operator,Scheduled
EMPA-0236,PRJ-0141,EMP-0005,2026-07-21,2026-07-29,Surveyor,Scheduled
EMPA-0237,PRJ-0466,EMP-0154,2026-10-24,2026-10-26,Foreman,Scheduled
EMPA-0238,PRJ-0430,EMP-0438,2028-01-09,2028-02-07,Mason,Scheduled
EMPA-0239,PRJ-0225,EMP-0383,2026-03-31,2026-04-13,Architect,Completed
EMPA-0240,PRJ-0205,EMP-0205,2026-05-09,2026-05-26,Plumber,Scheduled
EMPA-0241,PRJ-0476,EMP-0178,2027-01-06,2027-01-16,Surveyor,Active
EMPA-0242,PRJ-0214,EMP-0451,2026-12-23,2027-01-05,Site Engineer,Scheduled
EMPA-0243,PRJ-0300,EMP-0079,2026-08-12,2026-08-26,Heavy Equipment Operator,Scheduled
EMPA-0244,PRJ-0315,EMP-0456,2027-02-17,2027-03-06,Mason,Active
EMPA-0245,PRJ-0477,EMP-0383,2027-06-26,2027-07-10,Architect,Completed
EMPA-0246,PRJ-0359,EMP-0071,2026-06-24,2026-06-30,Plumber,Scheduled
EMPA-0247,PRJ-0323,EMP-0171,2026-12-16,2026-12-24,Plumber,Active
EMPA-0248,PRJ-0474,EMP-0357,2026-04-05,2026-05-02,Carpenter,Active
EMPA-0249,PRJ-0320,EMP-0294,2027-09-24,2027-09-29,Plumber,Completed
EMPA-0250,PRJ-0354,EMP-0079,2027-06-18,2027-07-06,Heavy Equipment Operator,Active
EMPA-0251,PRJ-0210,EMP-0228,2026-05-06,2026-05-28,Welder,Completed
EMPA-0252,PRJ-0079,EMP-0412,2027-10-01,2027-10-14,Carpenter,Completed
EMPA-0253,PRJ-0022,EMP-0088,2026-12-18,2027-01-17,Welder,Active
EMPA-0254,PRJ-0497,EMP-0165,2027-08-30,2027-09-29,Carpenter,Completed
EMPA-0255,PRJ-0430,EMP-0337,2028-01-01,2028-01-20,Site Engineer,Scheduled
EMPA-0256,PRJ-0441,EMP-0011,2027-10-06,2027-10-23,Architect,Active
EMPA-0257,PRJ-0175,EMP-0448,2026-05-06,2026-05-25,Foreman,Scheduled
EMPA-0258,PRJ-0046,EMP-0469,2026-09-22,2026-10-06,Foreman,Scheduled
EMPA-0259,PRJ-0214,EMP-0134,2027-01-04,2027-01-25,Civil Engineer,Active
EMPA-0260,PRJ-0204,EMP-0245,2027-04-21,2027-05-09,Plumber,Active
EMPA-0261,PRJ-0148,EMP-0384,2027-06-27,2027-06-29,Site Engineer,Active
EMPA-0262,PRJ-0288,EMP-0313,2027-07-04,2027-08-01,Laborer,Scheduled
EMPA-0263,PRJ-0426,EMP-0247,2027-04-03,2027-04-15,Foreman,Scheduled
EMPA-0264,PRJ-0342,EMP-0401,2027-11-13,2027-12-03,Project Manager,Completed
EMPA-0265,PRJ-0292,EMP-0481,2026-01-13,2026-02-03,Safety Officer,Completed
EMPA-0266,PRJ-0034,EMP-0234,2027-09-06,2027-09-19,Laborer,Active
EMPA-0267,PRJ-0036,EMP-0079,2026-04-21,2026-05-14,Heavy Equipment Operator,Completed
EMPA-0268,PRJ-0142,EMP-0154,2026-04-29,2026-05-26,Foreman,Active
EMPA-0269,PRJ-0310,EMP-0400,2027-04-01,2027-04-13,Foreman,Scheduled
EMPA-0270,PRJ-0345,EMP-0052,2027-11-30,2027-12-10,Carpenter,Completed
EMPA-0271,PRJ-0278,EMP-0092,2026-12-07,2027-01-02,Carpenter,Completed
EMPA-0272,PRJ-0390,EMP-0126,2026-06-26,2026-07-22,Electrician,Completed
EMPA-0273,PRJ-0173,EMP-0340,2026-11-26,2026-12-13,Civil Engineer,Active
EMPA-0274,PRJ-0226,EMP-0228,2026-06-24,2026-07-07,Welder,Active
EMPA-0275,PRJ-0400,EMP-0164,2027-09-28,2027-10-28,Carpenter,Scheduled
EMPA-0276,PRJ-0247,EMP-0010,2026-11-14,2026-11-26,Mason,Active
EMPA-0277,PRJ-0372,EMP-0314,2026-07-06,2026-07-28,Foreman,Completed
EMPA-0278,PRJ-0108,EMP-0327,2026-10-11,2026-10-22,Safety Officer,Scheduled
EMPA-0279,PRJ-0393,EMP-0222,2027-05-22,2027-06-08,Laborer,Completed
EMPA-0280,PRJ-0253,EMP-0053,2026-11-14,2026-12-13,Carpenter,Active
EMPA-0281,PRJ-0410,EMP-0289,2027-08-14,2027-08-20,Architect,Completed
EMPA-0282,PRJ-0002,EMP-0425,2027-04-15,2027-04-25,Laborer,Completed
EMPA-0283,PRJ-0440,EMP-0460,2027-06-05,2027-06-22,Welder,Active
EMPA-0284,PRJ-0485,EMP-0487,2026-05-05,2026-05-14,Foreman,Active
EMPA-0285,PRJ-0443,EMP-0058,2026-09-10,2026-09-18,Project Manager,Active
EMPA-0286,PRJ-0304,EMP-0238,2027-10-25,2027-10-30,Foreman,Scheduled
EMPA-0287,PRJ-0340,EMP-0025,2026-08-19,2026-08-24,Welder,Active
EMPA-0288,PRJ-0330,EMP-0130,2026-08-19,2026-09-04,Welder,Scheduled
EMPA-0289,PRJ-0393,EMP-0148,2027-05-27,2027-06-06,Welder,Scheduled
EMPA-0290,PRJ-0340,EMP-0037,2026-10-03,2026-11-02,Plumber,Completed
EMPA-0291,PRJ-0135,EMP-0356,2026-06-02,2026-06-19,Site Engineer,Scheduled
EMPA-0292,PRJ-0089,EMP-0181,2027-10-10,2027-10-23,Electrician,Active
EMPA-0293,PRJ-0493,EMP-0257,2027-11-27,2027-12-11,Welder,Active
EMPA-0294,PRJ-0054,EMP-0115,2026-07-19,2026-07-29,Mason,Completed
EMPA-0295,PRJ-0495,EMP-0375,2027-12-15,2028-01-01,Plumber,Active
EMPA-0296,PRJ-0049,EMP-0202,2026-10-29,2026-11-10,Welder,Completed
EMPA-0297,PRJ-0192,EMP-0240,2026-02-02,2026-02-23,Site Engineer,Completed
EMPA-0298,PRJ-0161,EMP-0078,2026-11-02,2026-12-01,Heavy Equipment Operator,Scheduled
EMPA-0299,PRJ-0275,EMP-0188,2026-11-16,2026-11-29,Electrician,Completed
EMPA-0300,PRJ-0010,EMP-0428,2027-01-17,2027-02-09,Surveyor,Completed
EMPA-0301,PRJ-0299,EMP-0403,2027-01-11,2027-01-24,Plumber,Active
EMPA-0302,PRJ-0383,EMP-0307,2027-08-24,2027-09-21,Site Engineer,Active
EMPA-0303,PRJ-0186,EMP-0476,2026-11-17,2026-11-22,Civil Engineer,Completed
EMPA-0304,PRJ-0210,EMP-0207,2026-03-22,2026-03-28,Civil Engineer,Completed
EMPA-0305,PRJ-0396,EMP-0466,2027-08-03,2027-08-25,Electrician,Completed
EMPA-0306,PRJ-0061,EMP-0398,2027-06-13,2027-06-28,Foreman,Scheduled
EMPA-0307,PRJ-0123,EMP-0110,2027-08-30,2027-09-24,Plumber,Completed
EMPA-0308,PRJ-0403,EMP-0493,2026-08-21,2026-09-01,Foreman,Active
EMPA-0309,PRJ-0001,EMP-0154,2027-10-18,2027-11-03,Foreman,Scheduled
EMPA-0310,PRJ-0129,EMP-0206,2027-01-21,2027-02-10,Safety Officer,Active
EMPA-0311,PRJ-0325,EMP-0367,2027-12-21,2027-12-31,Surveyor,Completed
EMPA-0312,PRJ-0253,EMP-0343,2026-11-30,2026-12-17,Site Engineer,Completed
EMPA-0313,PRJ-0415,EMP-0413,2027-01-14,2027-02-07,Carpenter,Scheduled
EMPA-0314,PRJ-0499,EMP-0149,2027-01-03,2027-01-22,Civil Engineer,Active
EMPA-0315,PRJ-0366,EMP-0164,2026-05-02,2026-05-14,Carpenter,Scheduled
EMPA-0316,PRJ-0266,EMP-0365,2026-11-25,2026-12-12,Welder,Active
EMPA-0317,PRJ-0191,EMP-0366,2026-03-30,2026-04-13,Laborer,Scheduled
EMPA-0318,PRJ-0063,EMP-0237,2028-01-02,2028-01-10,Electrician,Completed
EMPA-0319,PRJ-0423,EMP-0199,2027-04-08,2027-04-10,Civil Engineer,Scheduled
EMPA-0320,PRJ-0236,EMP-0179,2027-05-22,2027-06-14,Laborer,Scheduled
EMPA-0321,PRJ-0338,EMP-0434,2026-10-11,2026-11-06,Heavy Equipment Operator,Scheduled
EMPA-0322,PRJ-0225,EMP-0384,2026-03-18,2026-04-01,Site Engineer,Active
EMPA-0323,PRJ-0294,EMP-0405,2027-08-04,2027-08-14,Plumber,Completed
EMPA-0324,PRJ-0018,EMP-0251,2026-02-23,2026-03-10,Mason,Completed
EMPA-0325,PRJ-0306,EMP-0092,2026-12-03,2026-12-21,Carpenter,Active
EMPA-0326,PRJ-0161,EMP-0349,2026-10-24,2026-11-07,Mason,Completed
EMPA-0327,PRJ-0080,EMP-0057,2027-06-07,2027-07-04,Heavy Equipment Operator,Active
EMPA-0328,PRJ-0297,EMP-0415,2027-07-15,2027-07-24,Project Manager,Completed
EMPA-0329,PRJ-0282,EMP-0395,2026-09-21,2026-10-11,Electrician,Active
EMPA-0330,PRJ-0228,EMP-0206,2027-03-13,2027-03-22,Safety Officer,Active
EMPA-0331,PRJ-0102,EMP-0405,2027-04-19,2027-05-06,Plumber,Scheduled
EMPA-0332,PRJ-0189,EMP-0451,2027-02-05,2027-03-04,Site Engineer,Active
EMPA-0333,PRJ-0361,EMP-0270,2026-12-13,2026-12-28,Welder,Scheduled
EMPA-0334,PRJ-0251,EMP-0030,2026-08-22,2026-08-28,Carpenter,Scheduled
EMPA-0335,PRJ-0274,EMP-0276,2026-02-28,2026-03-10,Carpenter,Scheduled
EMPA-0336,PRJ-0496,EMP-0110,2027-02-26,2027-03-25,Plumber,Active
EMPA-0337,PRJ-0420,EMP-0055,2026-12-16,2026-12-24,Plumber,Completed
EMPA-0338,PRJ-0004,EMP-0039,2027-03-26,2027-04-03,Electrician,Scheduled
EMPA-0339,PRJ-0310,EMP-0240,2027-05-19,2027-06-17,Site Engineer,Active
EMPA-0340,PRJ-0085,EMP-0253,2028-01-30,2028-02-10,Site Engineer,Completed
EMPA-0341,PRJ-0117,EMP-0222,2027-07-26,2027-08-24,Laborer,Completed
EMPA-0342,PRJ-0473,EMP-0116,2026-05-04,2026-05-21,Laborer,Completed
EMPA-0343,PRJ-0396,EMP-0373,2027-08-23,2027-09-07,Mason,Active
EMPA-0344,PRJ-0394,EMP-0420,2027-03-24,2027-03-28,Safety Officer,Completed
EMPA-0345,PRJ-0138,EMP-0267,2027-10-24,2027-11-01,Carpenter,Completed
EMPA-0346,PRJ-0394,EMP-0438,2027-03-25,2027-04-17,Mason,Scheduled
EMPA-0347,PRJ-0341,EMP-0027,2027-02-19,2027-03-07,Plumber,Completed
EMPA-0348,PRJ-0370,EMP-0117,2026-06-30,2026-07-13,Safety Officer,Completed
EMPA-0349,PRJ-0224,EMP-0432,2027-10-28,2027-11-16,Site Engineer,Scheduled
EMPA-0350,PRJ-0200,EMP-0423,2027-04-15,2027-05-03,Carpenter,Scheduled
EMPA-0351,PRJ-0499,EMP-0436,2027-01-17,2027-01-24,Architect,Completed
EMPA-0352,PRJ-0213,EMP-0122,2026-07-15,2026-08-09,Site Engineer,Active
EMPA-0353,PRJ-0415,EMP-0303,2027-01-22,2027-02-01,Foreman,Completed
EMPA-0354,PRJ-0399,EMP-0410,2027-09-08,2027-09-14,Site Engineer,Completed
EMPA-0355,PRJ-0443,EMP-0391,2026-09-21,2026-10-05,Civil Engineer,Active
EMPA-0356,PRJ-0481,EMP-0299,2027-06-26,2027-06-30,Heavy Equipment Operator,Scheduled
EMPA-0357,PRJ-0345,EMP-0066,2027-11-15,2027-12-12,Welder,Scheduled
EMPA-0358,PRJ-0039,EMP-0136,2026-11-07,2026-11-30,Civil Engineer,Scheduled
EMPA-0359,PRJ-0166,EMP-0444,2027-04-27,2027-05-24,Safety Officer,Active
EMPA-0360,PRJ-0043,EMP-0473,2027-08-26,2027-09-15,Heavy Equipment Operator,Active
EMPA-0361,PRJ-0405,EMP-0329,2026-08-04,2026-08-24,Carpenter,Scheduled
EMPA-0362,PRJ-0432,EMP-0171,2027-02-08,2027-03-01,Plumber,Active
EMPA-0363,PRJ-0202,EMP-0389,2026-04-07,2026-04-19,Mason,Active
EMPA-0364,PRJ-0494,EMP-0136,2027-06-19,2027-07-11,Civil Engineer,Active
EMPA-0365,PRJ-0194,EMP-0469,2027-06-19,2027-07-13,Foreman,Scheduled
EMPA-0366,PRJ-0093,EMP-0192,2027-11-10,2027-12-08,Electrician,Active
EMPA-0367,PRJ-0144,EMP-0147,2027-06-03,2027-06-07,Welder,Scheduled
EMPA-0368,PRJ-0267,EMP-0050,2027-04-30,2027-05-26,Safety Officer,Completed
EMPA-0369,PRJ-0273,EMP-0341,2026-03-12,2026-04-07,Laborer,Completed
EMPA-0370,PRJ-0176,EMP-0044,2027-07-04,2027-07-18,Plumber,Active
EMPA-0371,PRJ-0097,EMP-0262,2027-07-13,2027-08-05,Carpenter,Active
EMPA-0372,PRJ-0074,EMP-0030,2027-09-27,2027-10-16,Carpenter,Completed
EMPA-0373,PRJ-0330,EMP-0277,2026-07-27,2026-08-20,Mason,Completed
EMPA-0374,PRJ-0111,EMP-0228,2027-07-27,2027-08-21,Welder,Active
EMPA-0375,PRJ-0263,EMP-0155,2028-02-09,2028-02-14,Surveyor,Completed
EMPA-0376,PRJ-0399,EMP-0460,2027-09-21,2027-10-20,Welder,Active
EMPA-0377,PRJ-0481,EMP-0042,2027-07-06,2027-07-20,Laborer,Completed
EMPA-0378,PRJ-0069,EMP-0085,2027-03-16,2027-03-20,Carpenter,Active
EMPA-0379,PRJ-0339,EMP-0268,2026-05-12,2026-05-20,Plumber,Scheduled
EMPA-0380,PRJ-0166,EMP-0137,2027-04-20,2027-05-20,Architect,Scheduled
EMPA-0381,PRJ-0057,EMP-0095,2026-09-26,2026-10-03,Surveyor,Completed
EMPA-0382,PRJ-0107,EMP-0467,2026-02-23,2026-02-25,Site Engineer,Scheduled
EMPA-0383,PRJ-0001,EMP-0261,2027-11-16,2027-12-16,Project Manager,Active
EMPA-0384,PRJ-0472,EMP-0150,2026-02-12,2026-03-01,Surveyor,Scheduled
EMPA-0385,PRJ-0375,EMP-0294,2026-03-21,2026-04-05,Plumber,Completed
EMPA-0386,PRJ-0341,EMP-0248,2027-01-19,2027-01-24,Electrician,Completed
EMPA-0387,PRJ-0122,EMP-0398,2027-11-14,2027-11-28,Foreman,Scheduled
EMPA-0388,PRJ-0380,EMP-0310,2027-11-28,2027-11-30,Mason,Active
EMPA-0389,PRJ-0216,EMP-0335,2027-08-21,2027-09-14,Mason,Scheduled
EMPA-0390,PRJ-0326,EMP-0214,2027-11-06,2027-11-11,Architect,Active
EMPA-0391,PRJ-0076,EMP-0022,2026-03-02,2026-03-21,Civil Engineer,Completed
EMPA-0392,PRJ-0433,EMP-0265,2026-11-04,2026-11-23,Site Engineer,Scheduled
EMPA-0393,PRJ-0337,EMP-0154,2027-04-06,2027-04-24,Foreman,Active
EMPA-0394,PRJ-0417,EMP-0295,2027-11-15,2027-11-18,Foreman,Scheduled
EMPA-0395,PRJ-0454,EMP-0424,2027-11-23,2027-11-30,Architect,Active
EMPA-0396,PRJ-0433,EMP-0153,2026-11-20,2026-12-02,Laborer,Active
EMPA-0397,PRJ-0132,EMP-0315,2026-06-03,2026-06-19,Carpenter,Active
EMPA-0398,PRJ-0056,EMP-0302,2026-09-15,2026-09-19,Project Manager,Active
EMPA-0399,PRJ-0019,EMP-0166,2027-06-27,2027-07-27,Surveyor,Completed
EMPA-0400,PRJ-0386,EMP-0119,2027-08-10,2027-09-02,Civil Engineer,Scheduled
EMPA-0401,PRJ-0199,EMP-0402,2027-09-10,2027-09-20,Architect,Completed
EMPA-0402,PRJ-0017,EMP-0495,2027-07-10,2027-08-04,Laborer,Completed
EMPA-0403,PRJ-0385,EMP-0250,2027-10-02,2027-10-04,Mason,Scheduled
EMPA-0404,PRJ-0153,EMP-0067,2026-12-07,2027-01-04,Plumber,Completed
EMPA-0405,PRJ-0059,EMP-0362,2026-10-15,2026-10-31,Surveyor,Completed
EMPA-0406,PRJ-0028,EMP-0064,2027-05-04,2027-05-08,Civil Engineer,Completed
EMPA-0407,PRJ-0443,EMP-0192,2026-09-23,2026-10-13,Electrician,Scheduled
EMPA-0408,PRJ-0097,EMP-0204,2027-08-15,2027-08-21,Carpenter,Completed
EMPA-0409,PRJ-0201,EMP-0238,2027-06-12,2027-06-28,Foreman,Active
EMPA-0410,PRJ-0090,EMP-0061,2026-05-18,2026-05-27,Heavy Equipment Operator,Scheduled
EMPA-0411,PRJ-0307,EMP-0128,2026-05-12,2026-06-11,Laborer,Active
EMPA-0412,PRJ-0374,EMP-0071,2026-08-21,2026-09-19,Plumber,Active
EMPA-0413,PRJ-0488,EMP-0088,2026-03-22,2026-04-18,Welder,Scheduled
EMPA-0414,PRJ-0072,EMP-0090,2026-02-08,2026-02-23,Heavy Equipment Operator,Completed
EMPA-0415,PRJ-0377,EMP-0476,2027-09-07,2027-09-09,Civil Engineer,Completed
EMPA-0416,PRJ-0363,EMP-0262,2026-12-20,2027-01-02,Carpenter,Active
EMPA-0417,PRJ-0264,EMP-0006,2026-12-11,2027-01-09,Welder,Completed
EMPA-0418,PRJ-0119,EMP-0102,2028-01-30,2028-02-12,Plumber,Completed
EMPA-0419,PRJ-0119,EMP-0388,2028-01-13,2028-02-10,Plumber,Active
EMPA-0420,PRJ-0099,EMP-0350,2027-07-20,2027-08-10,Surveyor,Completed
EMPA-0421,PRJ-0043,EMP-0003,2027-09-15,2027-09-28,Surveyor,Active
EMPA-0422,PRJ-0123,EMP-0454,2027-09-03,2027-09-15,Safety Officer,Scheduled
EMPA-0423,PRJ-0246,EMP-0160,2027-09-01,2027-09-11,Carpenter,Active
EMPA-0424,PRJ-0294,EMP-0112,2027-08-12,2027-09-05,Electrician,Completed
EMPA-0425,PRJ-0177,EMP-0063,2026-12-14,2027-01-13,Project Manager,Scheduled
EMPA-0426,PRJ-0377,EMP-0042,2027-08-09,2027-08-12,Laborer,Scheduled
EMPA-0427,PRJ-0078,EMP-0467,2026-08-03,2026-08-12,Site Engineer,Scheduled
EMPA-0428,PRJ-0045,EMP-0293,2026-07-07,2026-07-20,Plumber,Completed
EMPA-0429,PRJ-0488,EMP-0326,2026-04-03,2026-04-27,Heavy Equipment Operator,Active
EMPA-0430,PRJ-0290,EMP-0297,2026-02-19,2026-02-28,Surveyor,Active
EMPA-0431,PRJ-0414,EMP-0389,2027-10-09,2027-10-30,Mason,Active
EMPA-0432,PRJ-0052,EMP-0253,2026-05-11,2026-05-28,Site Engineer,Scheduled
EMPA-0433,PRJ-0439,EMP-0249,2026-10-27,2026-10-29,Laborer,Scheduled
EMPA-0434,PRJ-0017,EMP-0177,2027-06-30,2027-07-18,Mason,Active
EMPA-0435,PRJ-0465,EMP-0030,2026-03-21,2026-04-10,Carpenter,Active
EMPA-0436,PRJ-0038,EMP-0067,2028-01-07,2028-01-31,Plumber,Active
EMPA-0437,PRJ-0003,EMP-0169,2027-11-02,2027-11-16,Laborer,Active
EMPA-0438,PRJ-0277,EMP-0415,2027-06-06,2027-07-02,Project Manager,Completed
EMPA-0439,PRJ-0324,EMP-0285,2027-01-24,2027-02-05,Heavy Equipment Operator,Scheduled
EMPA-0440,PRJ-0123,EMP-0230,2027-08-07,2027-08-26,Project Manager,Active
EMPA-0441,PRJ-0060,EMP-0388,2027-08-29,2027-09-14,Plumber,Active
EMPA-0442,PRJ-0235,EMP-0238,2027-07-31,2027-08-23,Foreman,Active
EMPA-0443,PRJ-0440,EMP-0032,2027-06-02,2027-06-16,Architect,Active
EMPA-0444,PRJ-0115,EMP-0159,2027-04-16,2027-05-08,Site Engineer,Completed
EMPA-0445,PRJ-0477,EMP-0301,2027-06-25,2027-07-19,Civil Engineer,Active
EMPA-0446,PRJ-0347,EMP-0326,2026-11-23,2026-12-21,Heavy Equipment Operator,Scheduled
EMPA-0447,PRJ-0432,EMP-0041,2027-01-28,2027-02-23,Surveyor,Active
EMPA-0448,PRJ-0390,EMP-0122,2026-05-26,2026-06-04,Site Engineer,Scheduled
EMPA-0449,PRJ-0091,EMP-0136,2027-09-06,2027-10-03,Civil Engineer,Active
EMPA-0450,PRJ-0384,EMP-0425,2027-01-16,2027-02-10,Laborer,Active
EMPA-0451,PRJ-0171,EMP-0468,2027-01-07,2027-01-24,Heavy Equipment Operator,Active
EMPA-0452,PRJ-0445,EMP-0175,2027-01-28,2027-02-23,Heavy Equipment Operator,Scheduled
EMPA-0453,PRJ-0155,EMP-0278,2027-10-16,2027-11-15,Welder,Completed
EMPA-0454,PRJ-0440,EMP-0023,2027-07-09,2027-07-20,Plumber,Completed
EMPA-0455,PRJ-0448,EMP-0225,2027-07-30,2027-08-26,Site Engineer,Scheduled
EMPA-0456,PRJ-0432,EMP-0060,2027-01-22,2027-01-26,Civil Engineer,Active
EMPA-0457,PRJ-0199,EMP-0011,2027-09-06,2027-09-18,Architect,Active
EMPA-0458,PRJ-0084,EMP-0248,2027-11-14,2027-11-30,Electrician,Completed
EMPA-0459,PRJ-0400,EMP-0435,2027-09-28,2027-10-28,Carpenter,Active
EMPA-0460,PRJ-0419,EMP-0297,2027-03-24,2027-04-23,Surveyor,Active
EMPA-0461,PRJ-0412,EMP-0245,2026-04-06,2026-05-04,Plumber,Scheduled
EMPA-0462,PRJ-0054,EMP-0056,2026-07-01,2026-07-18,Architect,Completed
EMPA-0463,PRJ-0243,EMP-0201,2027-02-09,2027-03-11,Electrician,Active
EMPA-0464,PRJ-0186,EMP-0149,2026-11-28,2026-12-23,Civil Engineer,Active
EMPA-0465,PRJ-0215,EMP-0175,2027-07-04,2027-07-10,Heavy Equipment Operator,Completed
EMPA-0466,PRJ-0290,EMP-0405,2026-03-20,2026-03-26,Plumber,Scheduled
EMPA-0467,PRJ-0199,EMP-0350,2027-08-19,2027-08-27,Surveyor,Active
EMPA-0468,PRJ-0260,EMP-0173,2026-06-30,2026-07-23,Laborer,Scheduled
EMPA-0469,PRJ-0389,EMP-0105,2026-03-10,2026-03-12,Laborer,Completed
EMPA-0470,PRJ-0260,EMP-0133,2026-07-26,2026-08-09,Foreman,Completed
EMPA-0471,PRJ-0440,EMP-0179,2027-07-19,2027-08-03,Laborer,Scheduled
EMPA-0472,PRJ-0432,EMP-0223,2027-01-12,2027-02-06,Plumber,Completed
EMPA-0473,PRJ-0374,EMP-0306,2026-07-14,2026-08-12,Foreman,Completed
EMPA-0474,PRJ-0368,EMP-0442,2026-04-25,2026-04-29,Mason,Scheduled
EMPA-0475,PRJ-0266,EMP-0068,2027-01-10,2027-01-25,Heavy Equipment Operator,Completed
EMPA-0476,PRJ-0244,EMP-0018,2027-06-19,2027-07-15,Electrician,Active
EMPA-0477,PRJ-0453,EMP-0226,2027-01-31,2027-02-16,Surveyor,Active
EMPA-0478,PRJ-0306,EMP-0192,2026-11-02,2026-11-05,Electrician,Completed
EMPA-0479,PRJ-0106,EMP-0292,2026-03-30,2026-04-29,Civil Engineer,Active
EMPA-0480,PRJ-0074,EMP-0193,2027-09-28,2027-10-15,Surveyor,Active
EMPA-0481,PRJ-0302,EMP-0095,2027-11-07,2027-12-02,Surveyor,Active
EMPA-0482,PRJ-0036,EMP-0344,2026-05-05,2026-05-09,Heavy Equipment Operator,Scheduled
EMPA-0483,PRJ-0485,EMP-0225,2026-05-09,2026-05-18,Site Engineer,Active
EMPA-0484,PRJ-0064,EMP-0067,2026-09-29,2026-10-20,Plumber,Active
EMPA-0485,PRJ-0089,EMP-0096,2027-09-22,2027-10-19,Civil Engineer,Scheduled
EMPA-0486,PRJ-0209,EMP-0277,2027-09-30,2027-10-22,Mason,Scheduled
EMPA-0487,PRJ-0148,EMP-0104,2027-06-12,2027-06-21,Electrician,Scheduled
EMPA-0488,PRJ-0351,EMP-0483,2026-02-19,2026-02-28,Safety Officer,Scheduled
EMPA-0489,PRJ-0404,EMP-0074,2027-09-22,2027-10-13,Foreman,Completed
EMPA-0490,PRJ-0476,EMP-0118,2027-01-02,2027-01-12,Mason,Active
EMPA-0491,PRJ-0012,EMP-0404,2026-06-17,2026-07-15,Safety Officer,Completed
EMPA-0492,PRJ-0456,EMP-0015,2027-02-08,2027-03-09,Architect,Active
EMPA-0493,PRJ-0290,EMP-0499,2026-03-07,2026-03-31,Plumber,Scheduled
EMPA-0494,PRJ-0349,EMP-0470,2026-10-02,2026-10-16,Heavy Equipment Operator,Completed
EMPA-0495,PRJ-0177,EMP-0336,2026-12-21,2026-12-29,Project Manager,Active
EMPA-0496,PRJ-0225,EMP-0276,2026-05-11,2026-05-25,Carpenter,Active
EMPA-0497,PRJ-0399,EMP-0072,2027-10-12,2027-10-23,Foreman,Scheduled
EMPA-0498,PRJ-0070,EMP-0259,2026-12-22,2026-12-31,Welder,Active
EMPA-0499,PRJ-0367,EMP-0428,2027-08-27,2027-08-30,Surveyor,Active
EMPA-0500,PRJ-0442,EMP-0482,2026-02-14,2026-02-24,Electrician,Completed
