allocation_id,project_id,equipment_id,start_date,end_date,purpose,allocation_status
EA-0001,PRJ-0001,EQ-0001,2026-01-10,2026-01-15,Excavation,Scheduled
EA-0002,PRJ-0002,EQ-0001,2026-01-13,2026-01-20,Site Preparation,Scheduled
EA-0003,PRJ-0322,EQ-0240,2027-03-06,2027-03-25,Excavation,Active
EA-0004,PRJ-0170,EQ-0193,2027-11-21,2027-12-07,Site Cleanup,Active
EA-0005,PRJ-0429,EQ-0126,2027-03-02,2027-03-04,Site Cleanup,Scheduled
EA-0006,PRJ-0315,EQ-0152,2027-03-22,2027-04-04,Structural Framing,Completed
EA-0007,PRJ-0315,EQ-0359,2027-03-20,2027-03-25,Excavation,Completed
EA-0008,PRJ-0232,EQ-0499,2026-10-29,2026-11-13,Plumbing Installation,Completed
EA-0009,PRJ-0220,EQ-0175,2026-06-18,2026-07-01,Foundation,Completed
EA-0010,PRJ-0242,EQ-0332,2027-11-15,2027-11-30,Excavation,Scheduled
EA-0011,PRJ-0014,EQ-0402,2026-07-19,2026-07-26,Painting,Scheduled
EA-0012,PRJ-0421,EQ-0359,2026-12-06,2026-12-18,Roofing,Completed
EA-0013,PRJ-0029,EQ-0209,2026-10-12,2026-10-16,Site Cleanup,Completed
EA-0014,PRJ-0031,EQ-0080,2027-08-01,2027-08-10,Excavation,Completed
EA-0015,PRJ-0059,EQ-0201,2026-10-07,2026-10-26,Inspection,Active
EA-0016,PRJ-0013,EQ-0198,2026-09-22,2026-10-09,Inspection,Active
EA-0017,PRJ-0105,EQ-0172,2027-07-25,2027-07-31,Foundation,Scheduled
EA-0018,PRJ-0351,EQ-0249,2026-01-08,2026-01-27,Electrical Installation,Completed
EA-0019,PRJ-0080,EQ-0037,2027-06-15,2027-06-21,Plumbing Installation,Completed
EA-0020,PRJ-0265,EQ-0369,2027-04-20,2027-05-08,Electrical Installation,Active
EA-0021,PRJ-0113,EQ-0467,2026-08-13,2026-08-17,Excavation,Active
EA-0022,PRJ-0434,EQ-0078,2027-01-13,2027-01-24,Structural Framing,Scheduled
EA-0023,PRJ-0021,EQ-0015,2028-01-18,2028-01-27,Roofing,Active
EA-0024,PRJ-0396,EQ-0466,2027-08-02,2027-08-22,Painting,Completed
EA-0025,PRJ-0465,EQ-0357,2026-02-01,2026-02-10,Site Cleanup,Completed
EA-0026,PRJ-0038,EQ-0107,2027-12-31,2028-01-10,Plumbing Installation,Active
EA-0027,PRJ-0307,EQ-0338,2026-05-12,2026-05-30,Plumbing Installation,Active
EA-0028,PRJ-0314,EQ-0107,2026-07-09,2026-07-26,Painting,Completed
EA-0029,PRJ-0133,EQ-0053,2026-09-28,2026-10-17,Structural Framing,Completed
EA-0030,PRJ-0255,EQ-0212,2026-05-17,2026-06-06,Excavation,Active
EA-0031,PRJ-0459,EQ-0108,2027-05-18,2027-06-05,Foundation,Scheduled
EA-0032,PRJ-0049,EQ-0051,2026-11-13,2026-11-23,Inspection,Scheduled
EA-0033,PRJ-0418,EQ-0199,2027-04-16,2027-04-29,Foundation,Completed
EA-0034,PRJ-0220,EQ-0202,2026-07-03,2026-07-10,Plumbing Installation,Active
EA-0035,PRJ-0444,EQ-0407,2027-12-20,2027-12-29,Electrical Installation,Scheduled
EA-0036,PRJ-0413,EQ-0074,2027-04-06,2027-04-13,Concrete Works,Active
EA-0037,PRJ-0483,EQ-0177,2026-06-24,2026-07-03,Roofing,Active
EA-0038,PRJ-0345,EQ-0201,2027-11-23,2027-12-07,Finishing,Active
EA-0039,PRJ-0211,EQ-0134,2026-03-01,2026-03-17,Painting,Active
EA-0040,PRJ-0302,EQ-0219,2027-09-22,2027-09-29,Concrete Works,Completed
EA-0041,PRJ-0148,EQ-0363,2027-06-25,2027-06-30,Site Preparation,Active
EA-0042,PRJ-0209,EQ-0321,2027-08-12,2027-08-24,Site Preparation,Active
EA-0043,PRJ-0297,EQ-0067,2027-07-02,2027-07-17,Electrical Installation,Active
EA-0044,PRJ-0274,EQ-0476,2026-03-08,2026-03-13,Foundation,Completed
EA-0045,PRJ-0028,EQ-0444,2027-04-25,2027-05-01,Roofing,Active
EA-0046,PRJ-0365,EQ-0253,2027-06-14,2027-06-23,Site Cleanup,Active
EA-0047,PRJ-0360,EQ-0012,2026-11-19,2026-12-05,Finishing,Scheduled
EA-0048,PRJ-0132,EQ-0351,2026-07-02,2026-07-12,Foundation,Scheduled
EA-0049,PRJ-0068,EQ-0295,2026-05-18,2026-05-29,Plumbing Installation,Completed
EA-0050,PRJ-0191,EQ-0462,2026-02-09,2026-02-16,Foundation,Scheduled
EA-0051,PRJ-0150,EQ-0458,2026-12-18,2027-01-03,Painting,Completed
EA-0052,PRJ-0479,EQ-0438,2026-03-15,2026-03-17,Concrete Works,Active
EA-0053,PRJ-0498,EQ-0253,2026-07-01,2026-07-21,Roofing,Scheduled
EA-0054,PRJ-0192,EQ-0060,2026-03-16,2026-04-03,Concrete Works,Completed
EA-0055,PRJ-0336,EQ-0027,2026-08-17,2026-08-19,Structural Framing,Scheduled
EA-0056,PRJ-0333,EQ-0313,2028-01-14,2028-01-20,Excavation,Active
EA-0057,PRJ-0232,EQ-0285,2026-11-10,2026-11-16,Structural Framing,Scheduled
EA-0058,PRJ-0228,EQ-0331,2027-03-16,2027-03-22,Site Cleanup,Scheduled
EA-0059,PRJ-0475,EQ-0291,2026-07-05,2026-07-15,Electrical Installation,Scheduled
EA-0060,PRJ-0368,EQ-0473,2026-04-24,2026-05-11,Plumbing Installation,Completed
EA-0061,PRJ-0228,EQ-0007,2027-02-23,2027-03-03,Plumbing Installation,Completed
EA-0062,PRJ-0113,EQ-0344,2026-07-21,2026-08-08,Plumbing Installation,Scheduled
EA-0063,PRJ-0003,EQ-0058,2027-11-01,2027-11-07,Foundation,Scheduled
EA-0064,PRJ-0421,EQ-0486,2026-12-18,2026-12-21,Site Cleanup,Completed
EA-0065,PRJ-0266,EQ-0150,2026-12-14,2026-12-24,Foundation,Active
EA-0066,PRJ-0419,EQ-0130,2027-03-28,2027-04-16,Structural Framing,Scheduled
EA-0067,PRJ-0386,EQ-0109,2027-07-30,2027-08-15,Inspection,Completed
EA-0068,PRJ-0196,EQ-0012,2027-03-06,2027-03-24,Foundation,Completed
EA-0069,PRJ-0277,EQ-0310,2027-06-17,2027-07-04,Site Cleanup,Completed
EA-0070,PRJ-0327,EQ-0044,2027-04-26,2027-05-04,Plumbing Installation,Scheduled
EA-0071,PRJ-0437,EQ-0172,2027-06-21,2027-07-01,Finishing,Active
EA-0072,PRJ-0457,EQ-0223,2027-02-01,2027-02-07,Site Preparation,Completed
EA-0073,PRJ-0190,EQ-0470,2027-02-14,2027-02-24,Finishing,Completed
EA-0074,PRJ-0427,EQ-0027,2027-04-12,2027-04-20,Foundation,Active
EA-0075,PRJ-0319,EQ-0190,2028-02-06,2028-02-10,Finishing,Scheduled
EA-0076,PRJ-0192,EQ-0026,2026-03-13,2026-03-15,Excavation,Scheduled
EA-0077,PRJ-0461,EQ-0170,2026-01-23,2026-02-06,Excavation,Active
EA-0078,PRJ-0177,EQ-0403,2027-02-08,2027-02-26,Site Cleanup,Completed
EA-0079,PRJ-0459,EQ-0363,2027-05-01,2027-05-04,Painting,Scheduled
EA-0080,PRJ-0111,EQ-0488,2027-07-07,2027-07-25,Finishing,Completed
EA-0081,PRJ-0388,EQ-0373,2028-02-15,2028-02-18,Concrete Works,Active
EA-0082,PRJ-0327,EQ-0035,2027-03-16,2027-03-27,Site Preparation,Active
EA-0083,PRJ-0124,EQ-0033,2026-10-06,2026-10-20,Plumbing Installation,Completed
EA-0084,PRJ-0175,EQ-0039,2026-05-29,2026-06-06,Electrical Installation,Scheduled
EA-0085,PRJ-0268,EQ-0325,2026-12-01,2026-12-06,Concrete Works,Completed
EA-0086,PRJ-0331,EQ-0112,2027-03-08,2027-03-19,Roofing,Active
EA-0087,PRJ-0181,EQ-0259,2026-11-16,2026-11-24,Site Preparation,Completed
EA-0088,PRJ-0328,EQ-0007,2027-09-27,2027-10-11,Painting,Active
EA-0089,PRJ-0196,EQ-0145,2027-02-02,2027-02-07,Roofing,Active
EA-0090,PRJ-0282,EQ-0135,2026-08-04,2026-08-08,Finishing,Scheduled
EA-0091,PRJ-0080,EQ-0455,2027-05-20,2027-05-25,Plumbing Installation,Completed
EA-0092,PRJ-0270,EQ-0356,2026-08-06,2026-08-14,Roofing,Completed
EA-0093,PRJ-0053,EQ-0224,2027-02-28,2027-03-05,Electrical Installation,Completed
EA-0094,PRJ-0476,EQ-0200,2027-01-13,2027-01-31,Plumbing Installation,Scheduled
EA-0095,PRJ-0044,EQ-0292,2026-09-09,2026-09-26,Plumbing Installation,Active
EA-0096,PRJ-0183,EQ-0297,2027-11-11,2027-11-29,Structural Framing,Completed
EA-0097,PRJ-0102,EQ-0082,2027-04-18,2027-04-22,Roofing,Scheduled
EA-0098,PRJ-0369,EQ-0165,2026-03-09,2026-03-11,Electrical Installation,Completed
EA-0099,PRJ-0107,EQ-0192,2026-02-11,2026-02-21,Electrical Installation,Completed
EA-0100,PRJ-0277,EQ-0035,2027-06-29,2027-07-12,Plumbing Installation,Active
EA-0101,PRJ-0226,EQ-0362,2026-06-06,2026-06-25,Electrical Installation,Scheduled
EA-0102,PRJ-0187,EQ-0488,2026-03-10,2026-03-19,Finishing,Completed
EA-0103,PRJ-0304,EQ-0395,2027-11-13,2027-12-01,Foundation,Active
EA-0104,PRJ-0082,EQ-0199,2026-08-09,2026-08-15,Excavation,Active
EA-0105,PRJ-0464,EQ-0398,2027-02-16,2027-03-05,Electrical Installation,Completed
EA-0106,PRJ-0023,EQ-0035,2027-11-21,2027-12-03,Painting,Active
EA-0107,PRJ-0476,EQ-0218,2027-01-13,2027-02-01,Roofing,Completed
EA-0108,PRJ-0445,EQ-0107,2027-01-21,2027-01-29,Site Preparation,Scheduled
EA-0109,PRJ-0404,EQ-0264,2027-09-30,2027-10-08,Foundation,Active
EA-0110,PRJ-0092,EQ-0246,2027-08-07,2027-08-21,Plumbing Installation,Completed
EA-0111,PRJ-0287,EQ-0416,2026-10-04,2026-10-13,Concrete Works,Active
EA-0112,PRJ-0036,EQ-0327,2026-04-08,2026-04-11,Foundation,Active
EA-0113,PRJ-0065,EQ-0448,2026-04-07,2026-04-20,Concrete Works,Active
EA-0114,PRJ-0055,EQ-0496,2026-08-19,2026-08-21,Painting,Active
EA-0115,PRJ-0419,EQ-0098,2027-04-08,2027-04-10,Painting,Completed
EA-0116,PRJ-0474,EQ-0242,2026-02-18,2026-02-20,Inspection,Active
EA-0117,PRJ-0392,EQ-0425,2026-08-05,2026-08-24,Site Cleanup,Scheduled
EA-0118,PRJ-0487,EQ-0248,2027-11-15,2027-12-02,Roofing,Active
EA-0119,PRJ-0471,EQ-0383,2026-04-11,2026-04-16,Excavation,Completed
EA-0120,PRJ-0150,EQ-0072,2026-12-07,2026-12-13,Site Cleanup,Completed
EA-0121,PRJ-0247,EQ-0335,2026-11-23,2026-12-07,Structural Framing,Scheduled
EA-0122,PRJ-0400,EQ-0309,2027-08-25,2027-08-27,Roofing,Scheduled
EA-0123,PRJ-0075,EQ-0038,2026-07-26,2026-08-01,Site Cleanup,Active
EA-0124,PRJ-0073,EQ-0100,2026-05-16,2026-05-27,Roofing,Scheduled
EA-0125,PRJ-0455,EQ-0348,2027-01-29,2027-02-11,Site Cleanup,Completed
EA-0126,PRJ-0248,EQ-0435,2027-08-27,2027-09-12,Roofing,Scheduled
EA-0127,PRJ-0388,EQ-0317,2028-02-21,2028-03-07,Excavation,Completed
EA-0128,PRJ-0297,EQ-0299,2027-07-06,2027-07-23,Excavation,Active
EA-0129,PRJ-0187,EQ-0364,2026-04-03,2026-04-18,Electrical Installation,Active
EA-0130,PRJ-0207,EQ-0395,2027-11-15,2027-11-30,Concrete Works,Scheduled
EA-0131,PRJ-0311,EQ-0313,2027-11-18,2027-12-02,Painting,Scheduled
EA-0132,PRJ-0100,EQ-0148,2026-11-02,2026-11-12,Site Preparation,Scheduled
EA-0133,PRJ-0315,EQ-0366,2027-02-13,2027-02-19,Foundation,Active
EA-0134,PRJ-0484,EQ-0071,2027-01-17,2027-01-31,Inspection,Completed
EA-0135,PRJ-0187,EQ-0101,2026-04-13,2026-04-29,Finishing,Scheduled
EA-0136,PRJ-0491,EQ-0356,2027-09-29,2027-10-05,Excavation,Completed
EA-0137,PRJ-0039,EQ-0390,2026-10-14,2026-10-23,Finishing,Completed
EA-0138,PRJ-0007,EQ-0235,2026-03-14,2026-03-27,Site Cleanup,Active
EA-0139,PRJ-0245,EQ-0344,2026-08-16,2026-08-31,Site Preparation,Scheduled
EA-0140,PRJ-0172,EQ-0253,2026-04-18,2026-05-08,Excavation,Scheduled
EA-0141,PRJ-0465,EQ-0484,2026-02-13,2026-02-16,Site Cleanup,Completed
EA-0142,PRJ-0050,EQ-0023,2026-11-22,2026-12-06,Site Cleanup,Scheduled
EA-0143,PRJ-0215,EQ-0005,2027-06-06,2027-06-24,Site Preparation,Scheduled
EA-0144,PRJ-0206,EQ-0179,2027-05-05,2027-05-25,Site Cleanup,Scheduled
EA-0145,PRJ-0343,EQ-0134,2027-09-30,2027-10-16,Electrical Installation,Completed
EA-0146,PRJ-0234,EQ-0443,2026-05-15,2026-05-23,Structural Framing,Active
EA-0147,PRJ-0148,EQ-0260,2027-07-04,2027-07-12,Electrical Installation,Active
EA-0148,PRJ-0458,EQ-0046,2026-07-30,2026-08-06,Excavation,Active
EA-0149,PRJ-0293,EQ-0207,2027-06-29,2027-07-19,Excavation,Active
EA-0150,PRJ-0197,EQ-0125,2026-04-12,2026-04-30,Plumbing Installation,Completed
EA-0151,PRJ-0199,EQ-0437,2027-08-01,2027-08-10,Foundation,Scheduled
EA-0152,PRJ-0449,EQ-0107,2027-05-30,2027-06-16,Site Cleanup,Scheduled
EA-0153,PRJ-0419,EQ-0337,2027-03-05,2027-03-20,Electrical Installation,Scheduled
EA-0154,PRJ-0399,EQ-0266,2027-09-13,2027-09-24,Plumbing Installation,Completed
EA-0155,PRJ-0171,EQ-0136,2027-01-13,2027-02-02,Foundation,Completed
EA-0156,PRJ-0256,EQ-0343,2026-12-20,2026-12-31,Site Preparation,Scheduled
EA-0157,PRJ-0416,EQ-0018,2026-05-01,2026-05-07,Site Preparation,Completed
EA-0158,PRJ-0201,EQ-0341,2027-06-15,2027-06-19,Concrete Works,Completed
EA-0159,PRJ-0383,EQ-0194,2027-09-24,2027-09-26,Electrical Installation,Scheduled
EA-0160,PRJ-0302,EQ-0013,2027-10-17,2027-10-29,Concrete Works,Scheduled
EA-0161,PRJ-0422,EQ-0074,2026-10-30,2026-11-04,Plumbing Installation,Completed
EA-0162,PRJ-0104,EQ-0374,2026-04-04,2026-04-12,Structural Framing,Active
EA-0163,PRJ-0461,EQ-0216,2026-02-28,2026-03-08,Plumbing Installation,Completed
EA-0164,PRJ-0365,EQ-0391,2027-07-26,2027-08-03,Site Preparation,Scheduled
EA-0165,PRJ-0465,EQ-0030,2026-01-26,2026-01-29,Finishing,Scheduled
EA-0166,PRJ-0270,EQ-0421,2026-08-09,2026-08-29,Structural Framing,Scheduled
EA-0167,PRJ-0284,EQ-0228,2027-08-03,2027-08-08,Site Cleanup,Scheduled
EA-0168,PRJ-0415,EQ-0482,2026-12-12,2026-12-31,Site Preparation,Scheduled
EA-0169,PRJ-0270,EQ-0330,2026-08-31,2026-09-09,Electrical Installation,Completed
EA-0170,PRJ-0488,EQ-0143,2026-03-01,2026-03-13,Painting,Completed
EA-0171,PRJ-0388,EQ-0093,2028-02-07,2028-02-10,Finishing,Completed
EA-0172,PRJ-0118,EQ-0026,2028-01-30,2028-02-09,Site Cleanup,Scheduled
EA-0173,PRJ-0325,EQ-0228,2028-01-10,2028-01-25,Excavation,Scheduled
EA-0174,PRJ-0395,EQ-0214,2026-06-27,2026-07-04,Painting,Completed
EA-0175,PRJ-0013,EQ-0263,2026-10-02,2026-10-06,Foundation,Scheduled
EA-0176,PRJ-0346,EQ-0326,2026-06-22,2026-07-10,Excavation,Active
EA-0177,PRJ-0437,EQ-0443,2027-06-29,2027-07-19,Concrete Works,Active
EA-0178,PRJ-0458,EQ-0358,2026-07-08,2026-07-24,Site Preparation,Active
EA-0179,PRJ-0467,EQ-0368,2027-12-22,2027-12-26,Excavation,Scheduled
EA-0180,PRJ-0179,EQ-0349,2027-12-08,2027-12-16,Inspection,Completed
EA-0181,PRJ-0126,EQ-0005,2027-09-27,2027-10-12,Roofing,Scheduled
EA-0182,PRJ-0310,EQ-0230,2027-04-30,2027-05-18,Concrete Works,Scheduled
EA-0183,PRJ-0049,EQ-0286,2026-11-01,2026-11-06,Site Cleanup,Active
EA-0184,PRJ-0072,EQ-0342,2026-02-28,2026-03-09,Roofing,Active
EA-0185,PRJ-0376,EQ-0443,2027-07-05,2027-07-07,Site Cleanup,Scheduled
EA-0186,PRJ-0208,EQ-0416,2027-10-16,2027-10-31,Roofing,Completed
EA-0187,PRJ-0444,EQ-0051,2027-11-26,2027-12-13,Roofing,Active
EA-0188,PRJ-0446,EQ-0460,2027-06-16,2027-07-04,Painting,Scheduled
EA-0189,PRJ-0210,EQ-0475,2026-04-04,2026-04-19,Painting,Completed
EA-0190,PRJ-0464,EQ-0341,2027-02-14,2027-02-27,Site Preparation,Scheduled
EA-0191,PRJ-0374,EQ-0336,2026-07-28,2026-08-04,Roofing,Active
EA-0192,PRJ-0089,EQ-0304,2027-08-21,2027-08-28,Plumbing Installation,Active
EA-0193,PRJ-0223,EQ-0228,2026-04-26,2026-05-14,Site Preparation,Completed
EA-0194,PRJ-0359,EQ-0353,2026-06-05,2026-06-21,Inspection,Active
EA-0195,PRJ-0044,EQ-0487,2026-08-29,2026-09-10,Foundation,Scheduled
EA-0196,PRJ-0282,EQ-0470,2026-09-12,2026-10-01,Finishing,Scheduled
EA-0197,PRJ-0238,EQ-0150,2026-02-24,2026-03-16,Structural Framing,Active
EA-0198,PRJ-0290,EQ-0275,2026-02-25,2026-03-03,Electrical Installation,Active
EA-0199,PRJ-0319,EQ-0245,2028-01-19,2028-02-04,Foundation,Active
EA-0200,PRJ-0166,EQ-0499,2027-05-25,2027-06-11,Plumbing Installation,Active
EA-0201,PRJ-0013,EQ-0282,2026-10-05,2026-10-13,Painting,Active
EA-0202,PRJ-0492,EQ-0380,2027-01-16,2027-01-18,Electrical Installation,Scheduled
EA-0203,PRJ-0474,EQ-0038,2026-04-09,2026-04-20,Excavation,Active
EA-0204,PRJ-0056,EQ-0457,2026-10-06,2026-10-20,Electrical Installation,Active
EA-0205,PRJ-0283,EQ-0299,2027-12-26,2028-01-15,Excavation,Scheduled
EA-0206,PRJ-0303,EQ-0491,2026-10-21,2026-11-03,Plumbing Installation,Active
EA-0207,PRJ-0411,EQ-0048,2026-07-25,2026-08-13,Roofing,Scheduled
EA-0208,PRJ-0332,EQ-0059,2027-10-20,2027-10-31,Painting,Active
EA-0209,PRJ-0021,EQ-0029,2028-01-13,2028-01-26,Site Preparation,Scheduled
EA-0210,PRJ-0368,EQ-0309,2026-04-10,2026-04-20,Concrete Works,Completed
EA-0211,PRJ-0361,EQ-0327,2026-11-16,2026-12-04,Roofing,Completed
EA-0212,PRJ-0428,EQ-0456,2028-01-01,2028-01-14,Inspection,Active
EA-0213,PRJ-0026,EQ-0321,2027-05-08,2027-05-10,Foundation,Completed
EA-0214,PRJ-0101,EQ-0010,2026-02-18,2026-02-23,Site Cleanup,Scheduled
EA-0215,PRJ-0175,EQ-0325,2026-04-16,2026-04-20,Inspection,Completed
EA-0216,PRJ-0201,EQ-0428,2027-07-22,2027-07-25,Roofing,Active
EA-0217,PRJ-0088,EQ-0293,2026-04-14,2026-04-16,Plumbing Installation,Completed
EA-0218,PRJ-0330,EQ-0308,2026-08-12,2026-08-18,Foundation,Scheduled
EA-0219,PRJ-0117,EQ-0436,2027-07-13,2027-07-28,Finishing,Scheduled
EA-0220,PRJ-0421,EQ-0061,2026-12-05,2026-12-24,Site Preparation,Active
EA-0221,PRJ-0087,EQ-0454,2026-11-02,2026-11-04,Roofing,Completed
EA-0222,PRJ-0101,EQ-0011,2026-04-12,2026-04-18,Concrete Works,Scheduled
EA-0223,PRJ-0464,EQ-0198,2027-02-13,2027-02-28,Foundation,Active
EA-0224,PRJ-0360,EQ-0413,2026-11-16,2026-12-02,Electrical Installation,Scheduled
EA-0225,PRJ-0241,EQ-0484,2026-03-11,2026-03-22,Site Preparation,Completed
EA-0226,PRJ-0415,EQ-0168,2026-12-24,2026-12-28,Inspection,Active
EA-0227,PRJ-0157,EQ-0201,2026-07-25,2026-08-07,Plumbing Installation,Completed
EA-0228,PRJ-0398,EQ-0466,2027-06-12,2027-06-22,Site Preparation,Completed
EA-0229,PRJ-0195,EQ-0278,2027-05-12,2027-05-29,Structural Framing,Active
EA-0230,PRJ-0331,EQ-0156,2027-02-22,2027-03-07,Structural Framing,Active
EA-0231,PRJ-0170,EQ-0371,2027-11-07,2027-11-17,Plumbing Installation,Completed
EA-0232,PRJ-0220,EQ-0459,2026-07-20,2026-08-08,Inspection,Active
EA-0233,PRJ-0182,EQ-0475,2026-05-15,2026-06-02,Structural Framing,Completed
EA-0234,PRJ-0383,EQ-0447,2027-08-22,2027-09-09,Structural Framing,Active
EA-0235,PRJ-0288,EQ-0380,2027-07-09,2027-07-18,Inspection,Active
EA-0236,PRJ-0336,EQ-0281,2026-09-17,2026-10-02,Inspection,Scheduled
EA-0237,PRJ-0438,EQ-0214,2027-07-26,2027-08-12,Structural Framing,Active
EA-0238,PRJ-0201,EQ-0425,2027-07-01,2027-07-19,Electrical Installation,Scheduled
EA-0239,PRJ-0079,EQ-0016,2027-10-24,2027-11-09,Roofing,Active
EA-0240,PRJ-0269,EQ-0242,2027-04-05,2027-04-23,Finishing,Active
EA-0241,PRJ-0125,EQ-0082,2027-09-27,2027-10-12,Finishing,Completed
EA-0242,PRJ-0112,EQ-0337,2027-08-28,2027-09-07,Concrete Works,Scheduled
EA-0243,PRJ-0447,EQ-0500,2027-01-26,2027-02-10,Finishing,Completed
EA-0244,PRJ-0173,EQ-0444,2026-11-24,2026-11-27,Electrical Installation,Scheduled
EA-0245,PRJ-0391,EQ-0371,2027-04-06,2027-04-17,Electrical Installation,Scheduled
EA-0246,PRJ-0185,EQ-0370,2026-09-04,2026-09-11,Painting,Active
EA-0247,PRJ-0206,EQ-0238,2027-04-10,2027-04-12,Site Preparation,Active
EA-0248,PRJ-0101,EQ-0144,2026-02-22,2026-03-02,Finishing,Scheduled
EA-0249,PRJ-0357,EQ-0240,2026-06-14,2026-06-23,Site Cleanup,Active
EA-0250,PRJ-0465,EQ-0073,2026-03-18,2026-04-07,Electrical Installation,Active
EA-0251,PRJ-0326,EQ-0404,2027-12-24,2028-01-06,Inspection,Completed
EA-0252,PRJ-0497,EQ-0352,2027-07-15,2027-07-24,Painting,Scheduled
EA-0253,PRJ-0033,EQ-0216,2026-04-01,2026-04-13,Painting,Active
EA-0254,PRJ-0057,EQ-0182,2026-08-31,2026-09-06,Site Cleanup,Completed
EA-0255,PRJ-0326,EQ-0003,2027-11-14,2027-11-26,Site Preparation,Completed
EA-0256,PRJ-0095,EQ-0492,2028-01-11,2028-01-16,Concrete Works,Scheduled
EA-0257,PRJ-0176,EQ-0117,2027-08-16,2027-08-20,Foundation,Active
EA-0258,PRJ-0306,EQ-0136,2026-11-22,2026-12-01,Structural Framing,Active
EA-0259,PRJ-0318,EQ-0440,2027-05-28,2027-06-09,Structural Framing,Scheduled
EA-0260,PRJ-0409,EQ-0370,2026-02-17,2026-02-22,Excavation,Scheduled
EA-0261,PRJ-0123,EQ-0337,2027-08-05,2027-08-25,Site Preparation,Active
EA-0262,PRJ-0445,EQ-0086,2027-02-15,2027-02-28,Foundation,Active
EA-0263,PRJ-0419,EQ-0136,2027-02-16,2027-03-07,Plumbing Installation,Completed
EA-0264,PRJ-0195,EQ-0464,2027-03-27,2027-04-09,Excavation,Completed
EA-0265,PRJ-0027,EQ-0269,2026-08-06,2026-08-23,Structural Framing,Completed
EA-0266,PRJ-0099,EQ-0284,2027-07-12,2027-07-25,Electrical Installation,Active
EA-0267,PRJ-0176,EQ-0489,2027-06-26,2027-07-06,Inspection,Active
EA-0268,PRJ-0021,EQ-0409,2027-12-27,2027-12-31,Finishing,Scheduled
EA-0269,PRJ-0166,EQ-0049,2027-04-22,2027-05-09,Inspection,Active
EA-0270,PRJ-0177,EQ-0425,2027-01-04,2027-01-16,Inspection,Scheduled
EA-0271,PRJ-0353,EQ-0233,2027-11-16,2027-11-19,Plumbing Installation,Scheduled
EA-0272,PRJ-0243,EQ-0096,2027-02-24,2027-03-01,Plumbing Installation,Active
EA-0273,PRJ-0103,EQ-0127,2026-05-16,2026-05-26,Plumbing Installation,Scheduled
EA-0274,PRJ-0432,EQ-0072,2027-02-11,2027-02-15,Inspection,Active
EA-0275,PRJ-0426,EQ-0244,2027-03-04,2027-03-19,Site Cleanup,Completed
EA-0276,PRJ-0391,EQ-0446,2027-04-03,2027-04-10,Plumbing Installation,Active
EA-0277,PRJ-0453,EQ-0052,2026-12-17,2027-01-01,Site Preparation,Completed
EA-0278,PRJ-0132,EQ-0270,2026-05-14,2026-06-01,Inspection,Active
EA-0279,PRJ-0201,EQ-0082,2027-06-12,2027-07-02,Finishing,Scheduled
EA-0280,PRJ-0218,EQ-0293,2027-11-03,2027-11-07,Finishing,Active
EA-0281,PRJ-0124,EQ-0011,2026-11-03,2026-11-12,Finishing,Completed
EA-0282,PRJ-0173,EQ-0487,2026-10-25,2026-11-09,Site Cleanup,Active
EA-0283,PRJ-0482,EQ-0031,2027-12-13,2027-12-25,Site Preparation,Completed
EA-0284,PRJ-0169,EQ-0370,2027-12-01,2027-12-21,Painting,Scheduled
EA-0285,PRJ-0470,EQ-0421,2027-09-24,2027-10-09,Roofing,Scheduled
EA-0286,PRJ-0347,EQ-0412,2026-10-18,2026-10-25,Structural Framing,Active
EA-0287,PRJ-0401,EQ-0118,2026-10-04,2026-10-22,Painting,Completed
EA-0288,PRJ-0491,EQ-0020,2027-10-07,2027-10-25,Electrical Installation,Scheduled
EA-0289,PRJ-0337,EQ-0150,2027-05-11,2027-05-17,Site Preparation,Scheduled
EA-0290,PRJ-0190,EQ-0312,2027-03-12,2027-03-21,Plumbing Installation,Active
EA-0291,PRJ-0188,EQ-0024,2026-08-07,2026-08-13,Painting,Scheduled
EA-0292,PRJ-0403,EQ-0370,2026-07-27,2026-08-01,Structural Framing,Active
EA-0293,PRJ-0068,EQ-0242,2026-06-03,2026-06-16,Roofing,Active
EA-0294,PRJ-0239,EQ-0095,2027-12-11,2027-12-15,Excavation,Completed
EA-0295,PRJ-0170,EQ-0150,2027-12-10,2027-12-12,Site Cleanup,Active
EA-0296,PRJ-0322,EQ-0133,2027-02-17,2027-02-21,Painting,Completed
EA-0297,PRJ-0104,EQ-0332,2026-04-20,2026-04-29,Plumbing Installation,Completed
EA-0298,PRJ-0191,EQ-0116,2026-04-08,2026-04-12,Site Preparation,Completed
EA-0299,PRJ-0335,EQ-0439,2026-11-29,2026-12-19,Roofing,Active
EA-0300,PRJ-0061,EQ-0348,2027-07-12,2027-07-17,Electrical Installation,Scheduled
EA-0301,PRJ-0209,EQ-0076,2027-09-16,2027-10-06,Excavation,Completed
EA-0302,PRJ-0480,EQ-0240,2026-11-02,2026-11-08,Plumbing Installation,Active
EA-0303,PRJ-0415,EQ-0033,2027-01-20,2027-02-05,Structural Framing,Scheduled
EA-0304,PRJ-0261,EQ-0058,2026-10-07,2026-10-22,Foundation,Completed
EA-0305,PRJ-0315,EQ-0043,2027-03-09,2027-03-12,Site Cleanup,Completed
EA-0306,PRJ-0251,EQ-0118,2026-09-14,2026-09-20,Foundation,Scheduled
EA-0307,PRJ-0304,EQ-0282,2027-10-11,2027-10-25,Finishing,Scheduled
EA-0308,PRJ-0403,EQ-0165,2026-08-09,2026-08-17,Inspection,Active
EA-0309,PRJ-0223,EQ-0399,2026-04-24,2026-04-29,Site Preparation,Active
EA-0310,PRJ-0071,EQ-0290,2027-05-29,2027-06-14,Roofing,Scheduled
EA-0311,PRJ-0227,EQ-0330,2026-09-23,2026-10-06,Finishing,Completed
EA-0312,PRJ-0317,EQ-0431,2027-07-12,2027-07-16,Electrical Installation,Scheduled
EA-0313,PRJ-0029,EQ-0131,2026-09-17,2026-09-29,Site Preparation,Scheduled
EA-0314,PRJ-0415,EQ-0091,2026-11-23,2026-11-29,Inspection,Active
EA-0315,PRJ-0381,EQ-0414,2026-04-05,2026-04-14,Painting,Active
EA-0316,PRJ-0285,EQ-0314,2027-04-28,2027-05-06,Site Cleanup,Active
EA-0317,PRJ-0327,EQ-0178,2027-05-08,2027-05-11,Foundation,Completed
EA-0318,PRJ-0162,EQ-0258,2026-03-23,2026-04-08,Plumbing Installation,Scheduled
EA-0319,PRJ-0122,EQ-0333,2027-12-04,2027-12-07,Concrete Works,Scheduled
EA-0320,PRJ-0310,EQ-0400,2027-05-07,2027-05-15,Concrete Works,Active
EA-0321,PRJ-0351,EQ-0354,2026-01-30,2026-02-12,Concrete Works,Completed
EA-0322,PRJ-0036,EQ-0275,2026-04-30,2026-05-06,Structural Framing,Active
EA-0323,PRJ-0278,EQ-0259,2026-11-10,2026-11-13,Excavation,Scheduled
EA-0324,PRJ-0426,EQ-0282,2027-03-23,2027-03-29,Roofing,Scheduled
EA-0325,PRJ-0037,EQ-0025,2026-11-23,2026-12-05,Excavation,Scheduled
EA-0326,PRJ-0126,EQ-0144,2027-08-27,2027-08-30,Excavation,Completed
EA-0327,PRJ-0159,EQ-0082,2026-06-20,2026-06-22,Excavation,Scheduled
EA-0328,PRJ-0275,EQ-0337,2026-11-28,2026-12-05,Electrical Installation,Scheduled
EA-0329,PRJ-0089,EQ-0017,2027-09-29,2027-10-18,Site Cleanup,Scheduled
EA-0330,PRJ-0351,EQ-0375,2026-01-05,2026-01-19,Painting,Scheduled
EA-0331,PRJ-0371,EQ-0400,2028-02-09,2028-02-24,Structural Framing,Active
EA-0332,PRJ-0431,EQ-0005,2027-08-19,2027-09-07,Finishing,Completed
EA-0333,PRJ-0342,EQ-0349,2027-09-22,2027-10-09,Structural Framing,Completed
EA-0334,PRJ-0195,EQ-0308,2027-03-16,2027-04-01,Site Cleanup,Completed
EA-0335,PRJ-0304,EQ-0362,2027-10-15,2027-11-01,Plumbing Installation,Active
EA-0336,PRJ-0095,EQ-0024,2027-12-09,2027-12-11,Electrical Installation,Scheduled
EA-0337,PRJ-0042,EQ-0132,2027-05-12,2027-05-17,Site Preparation,Active
EA-0338,PRJ-0468,EQ-0005,2026-07-05,2026-07-10,Plumbing Installation,Scheduled
EA-0339,PRJ-0138,EQ-0288,2027-11-15,2027-11-17,Inspection,Completed
EA-0340,PRJ-0273,EQ-0430,2026-02-24,2026-03-08,Excavation,Scheduled
EA-0341,PRJ-0111,EQ-0235,2027-06-04,2027-06-22,Electrical Installation,Scheduled
EA-0342,PRJ-0392,EQ-0057,2026-09-16,2026-10-06,Excavation,Completed
EA-0343,PRJ-0136,EQ-0409,2026-07-19,2026-07-30,Electrical Installation,Active
EA-0344,PRJ-0479,EQ-0187,2026-02-25,2026-03-14,Foundation,Completed
EA-0345,PRJ-0203,EQ-0177,2027-04-17,2027-05-01,Excavation,Completed
EA-0346,PRJ-0096,EQ-0233,2028-01-01,2028-01-18,Excavation,Scheduled
EA-0347,PRJ-0225,EQ-0229,2026-05-01,2026-05-06,Site Cleanup,Completed
EA-0348,PRJ-0257,EQ-0257,2026-12-28,2027-01-03,Plumbing Installation,Scheduled
EA-0349,PRJ-0300,EQ-0182,2026-07-11,2026-07-16,Foundation,Completed
EA-0350,PRJ-0206,EQ-0392,2027-05-23,2027-06-06,Roofing,Completed
EA-0351,PRJ-0113,EQ-0482,2026-07-14,2026-07-27,Electrical Installation,Active
EA-0352,PRJ-0107,EQ-0235,2026-02-05,2026-02-13,Painting,Completed
EA-0353,PRJ-0245,EQ-0383,2026-08-19,2026-08-22,Foundation,Completed
EA-0354,PRJ-0072,EQ-0112,2026-03-16,2026-03-27,Inspection,Active
EA-0355,PRJ-0493,EQ-0036,2027-11-25,2027-12-06,Plumbing Installation,Active
EA-0356,PRJ-0091,EQ-0254,2027-08-27,2027-09-04,Site Cleanup,Scheduled
EA-0357,PRJ-0001,EQ-0152,2027-12-16,2027-12-21,Excavation,Active
EA-0358,PRJ-0214,EQ-0399,2026-12-28,2027-01-08,Foundation,Completed
EA-0359,PRJ-0344,EQ-0053,2027-09-02,2027-09-09,Concrete Works,Completed
EA-0360,PRJ-0117,EQ-0058,2027-08-08,2027-08-22,Painting,Completed
EA-0361,PRJ-0216,EQ-0107,2027-09-16,2027-10-01,Concrete Works,Active
EA-0362,PRJ-0014,EQ-0431,2026-06-29,2026-07-13,Electrical Installation,Active
EA-0363,PRJ-0276,EQ-0290,2026-06-20,2026-07-10,Painting,Active
EA-0364,PRJ-0475,EQ-0012,2026-06-04,2026-06-18,Painting,Completed
EA-0365,PRJ-0400,EQ-0493,2027-09-05,2027-09-07,Site Preparation,Active
EA-0366,PRJ-0278,EQ-0113,2026-12-05,2026-12-14,Plumbing Installation,Completed
EA-0367,PRJ-0117,EQ-0354,2027-08-23,2027-08-27,Electrical Installation,Completed
EA-0368,PRJ-0500,EQ-0093,2026-03-02,2026-03-08,Site Cleanup,Completed
EA-0369,PRJ-0059,EQ-0339,2026-10-18,2026-10-25,Roofing,Scheduled
EA-0370,PRJ-0197,EQ-0169,2026-03-24,2026-04-02,Concrete Works,Scheduled
EA-0371,PRJ-0023,EQ-0465,2027-10-25,2027-10-28,Plumbing Installation,Completed
EA-0372,PRJ-0480,EQ-0352,2026-10-04,2026-10-24,Excavation,Scheduled
EA-0373,PRJ-0279,EQ-0232,2026-06-07,2026-06-13,Painting,Scheduled
EA-0374,PRJ-0144,EQ-0246,2027-04-12,2027-04-30,Structural Framing,Scheduled
EA-0375,PRJ-0045,EQ-0275,2026-06-23,2026-07-09,Site Cleanup,Completed
EA-0376,PRJ-0396,EQ-0485,2027-08-12,2027-08-15,Roofing,Active
EA-0377,PRJ-0347,EQ-0230,2026-11-14,2026-12-02,Inspection,Active
EA-0378,PRJ-0427,EQ-0296,2027-05-05,2027-05-16,Finishing,Completed
EA-0379,PRJ-0230,EQ-0320,2027-03-17,2027-03-20,Electrical Installation,Scheduled
EA-0380,PRJ-0477,EQ-0445,2027-05-13,2027-05-18,Roofing,Scheduled
EA-0381,PRJ-0057,EQ-0143,2026-10-02,2026-10-17,Electrical Installation,Active
EA-0382,PRJ-0183,EQ-0265,2027-11-11,2027-11-16,Painting,Completed
EA-0383,PRJ-0274,EQ-0340,2026-02-21,2026-02-23,Plumbing Installation,Scheduled
EA-0384,PRJ-0253,EQ-0109,2026-12-03,2026-12-15,Plumbing Installation,Scheduled
EA-0385,PRJ-0049,EQ-0209,2026-10-07,2026-10-12,Foundation,Completed
EA-0386,PRJ-0237,EQ-0490,2027-10-17,2027-10-30,Roofing,Scheduled
EA-0387,PRJ-0382,EQ-0444,2026-05-15,2026-05-30,Excavation,Active
EA-0388,PRJ-0306,EQ-0157,2026-11-11,2026-11-26,Structural Framing,Active
EA-0389,PRJ-0468,EQ-0288,2026-07-08,2026-07-12,Excavation,Completed
EA-0390,PRJ-0430,EQ-0457,2028-01-01,2028-01-19,Site Cleanup,Completed
EA-0391,PRJ-0303,EQ-0332,2026-09-28,2026-10-18,Site Preparation,Active
EA-0392,PRJ-0272,EQ-0486,2026-12-31,2027-01-03,Excavation,Scheduled
EA-0393,PRJ-0330,EQ-0422,2026-07-21,2026-08-07,Excavation,Active
EA-0394,PRJ-0253,EQ-0179,2026-11-05,2026-11-12,Excavation,Active
EA-0395,PRJ-0114,EQ-0411,2027-06-13,2027-06-21,Plumbing Installation,Scheduled
EA-0396,PRJ-0411,EQ-0429,2026-07-06,2026-07-10,Roofing,Completed
EA-0397,PRJ-0441,EQ-0270,2027-09-14,2027-09-24,Finishing,Scheduled
EA-0398,PRJ-0387,EQ-0435,2027-12-06,2027-12-17,Site Cleanup,Completed
EA-0399,PRJ-0428,EQ-0029,2027-12-16,2028-01-02,Inspection,Scheduled
EA-0400,PRJ-0308,EQ-0183,2026-12-12,2026-12-23,Electrical Installation,Completed
EA-0401,PRJ-0398,EQ-0171,2027-06-13,2027-06-22,Electrical Installation,Completed
EA-0402,PRJ-0216,EQ-0463,2027-09-12,2027-09-21,Inspection,Completed
EA-0403,PRJ-0470,EQ-0301,2027-10-21,2027-10-26,Foundation,Active
EA-0404,PRJ-0436,EQ-0143,2027-01-10,2027-01-18,Finishing,Completed
EA-0405,PRJ-0079,EQ-0075,2027-10-27,2027-11-08,Electrical Installation,Scheduled
EA-0406,PRJ-0225,EQ-0415,2026-04-02,2026-04-06,Finishing,Completed
EA-0407,PRJ-0379,EQ-0095,2027-03-16,2027-04-04,Excavation,Completed
EA-0408,PRJ-0379,EQ-0432,2027-04-22,2027-05-02,Roofing,Active
EA-0409,PRJ-0460,EQ-0092,2027-08-27,2027-09-01,Site Cleanup,Scheduled
EA-0410,PRJ-0362,EQ-0097,2026-03-22,2026-03-25,Excavation,Completed
EA-0411,PRJ-0278,EQ-0203,2026-11-18,2026-12-08,Finishing,Active
EA-0412,PRJ-0184,EQ-0133,2027-03-03,2027-03-11,Site Cleanup,Completed
EA-0413,PRJ-0129,EQ-0163,2026-12-15,2026-12-20,Electrical Installation,Active
EA-0414,PRJ-0112,EQ-0398,2027-07-09,2027-07-18,Site Preparation,Active
EA-0415,PRJ-0307,EQ-0205,2026-05-05,2026-05-17,Finishing,Scheduled
EA-0416,PRJ-0334,EQ-0301,2027-06-10,2027-06-21,Electrical Installation,Completed
EA-0417,PRJ-0276,EQ-0238,2026-06-04,2026-06-14,Site Cleanup,Scheduled
EA-0418,PRJ-0288,EQ-0384,2027-06-24,2027-07-01,Site Cleanup,Scheduled
EA-0419,PRJ-0236,EQ-0248,2027-05-23,2027-05-31,Electrical Installation,Completed
EA-0420,PRJ-0485,EQ-0390,2026-05-20,2026-05-24,Plumbing Installation,Active
EA-0421,PRJ-0261,EQ-0033,2026-08-19,2026-08-27,Structural Framing,Completed
EA-0422,PRJ-0241,EQ-0099,2026-03-20,2026-04-04,Roofing,Scheduled
EA-0423,PRJ-0245,EQ-0355,2026-08-09,2026-08-14,Roofing,Completed
EA-0424,PRJ-0116,EQ-0362,2027-05-14,2027-05-16,Site Cleanup,Scheduled
EA-0425,PRJ-0157,EQ-0068,2026-07-06,2026-07-13,Inspection,Scheduled
EA-0426,PRJ-0377,EQ-0436,2027-09-19,2027-09-29,Excavation,Completed
EA-0427,PRJ-0316,EQ-0269,2027-09-12,2027-09-21,Site Preparation,Active
EA-0428,PRJ-0345,EQ-0468,2027-11-18,2027-11-25,Site Cleanup,Scheduled
EA-0429,PRJ-0223,EQ-0161,2026-04-13,2026-04-15,Excavation,Completed
EA-0430,PRJ-0052,EQ-0333,2026-05-02,2026-05-13,Concrete Works,Active
EA-0431,PRJ-0087,EQ-0152,2026-12-18,2027-01-06,Concrete Works,Scheduled
EA-0432,PRJ-0343,EQ-0343,2027-08-08,2027-08-15,Site Cleanup,Active
EA-0433,PRJ-0126,EQ-0414,2027-09-25,2027-10-08,Site Preparation,Completed
EA-0434,PRJ-0308,EQ-0158,2026-11-23,2026-12-08,Electrical Installation,Completed
EA-0435,PRJ-0458,EQ-0481,2026-06-27,2026-07-02,Inspection,Completed
EA-0436,PRJ-0264,EQ-0219,2027-01-13,2027-01-17,Electrical Installation,Active
EA-0437,PRJ-0141,EQ-0005,2026-07-10,2026-07-30,Concrete Works,Scheduled
EA-0438,PRJ-0159,EQ-0254,2026-07-03,2026-07-11,Finishing,Completed
EA-0439,PRJ-0318,EQ-0362,2027-04-09,2027-04-17,Roofing,Scheduled
EA-0440,PRJ-0164,EQ-0160,2027-04-05,2027-04-11,Concrete Works,Active
EA-0441,PRJ-0048,EQ-0351,2026-11-22,2026-11-25,Painting,Scheduled
EA-0442,PRJ-0198,EQ-0441,2026-09-08,2026-09-12,Site Preparation,Completed
EA-0443,PRJ-0103,EQ-0163,2026-05-12,2026-05-24,Finishing,Active
EA-0444,PRJ-0093,EQ-0384,2027-11-03,2027-11-23,Foundation,Scheduled
EA-0445,PRJ-0325,EQ-0490,2027-12-26,2028-01-04,Roofing,Active
EA-0446,PRJ-0365,EQ-0196,2027-06-30,2027-07-20,Inspection,Active
EA-0447,PRJ-0308,EQ-0089,2026-12-14,2026-12-21,Finishing,Active
EA-0448,PRJ-0120,EQ-0119,2027-04-21,2027-05-05,Excavation,Completed
EA-0449,PRJ-0129,EQ-0048,2027-01-23,2027-01-27,Inspection,Completed
EA-0450,PRJ-0401,EQ-0387,2026-08-25,2026-08-27,Finishing,Scheduled
EA-0451,PRJ-0402,EQ-0407,2027-09-18,2027-09-24,Concrete Works,Completed
EA-0452,PRJ-0324,EQ-0440,2026-12-27,2027-01-07,Site Preparation,Active
EA-0453,PRJ-0218,EQ-0345,2027-10-31,2027-11-18,Site Cleanup,Scheduled
EA-0454,PRJ-0139,EQ-0210,2027-11-22,2027-11-30,Concrete Works,Completed
EA-0455,PRJ-0265,EQ-0276,2027-05-10,2027-05-19,Structural Framing,Active
EA-0456,PRJ-0107,EQ-0242,2026-02-22,2026-02-27,Site Cleanup,Completed
EA-0457,PRJ-0196,EQ-0224,2027-03-03,2027-03-13,Site Cleanup,Scheduled
EA-0458,PRJ-0260,EQ-0223,2026-08-01,2026-08-14,Concrete Works,Scheduled
EA-0459,PRJ-0146,EQ-0128,2027-04-28,2027-05-17,Foundation,Active
EA-0460,PRJ-0484,EQ-0318,2027-02-03,2027-02-09,Painting,Active
EA-0461,PRJ-0176,EQ-0011,2027-07-19,2027-07-29,Structural Framing,Active
EA-0462,PRJ-0421,EQ-0427,2026-10-27,2026-11-16,Electrical Installation,Scheduled
EA-0463,PRJ-0499,EQ-0389,2027-02-19,2027-03-10,Inspection,Completed
EA-0464,PRJ-0414,EQ-0319,2027-09-07,2027-09-17,Roofing,Completed
EA-0465,PRJ-0444,EQ-0005,2027-11-09,2027-11-29,Plumbing Installation,Completed
EA-0466,PRJ-0448,EQ-0492,2027-07-11,2027-07-22,Electrical Installation,Scheduled
EA-0467,PRJ-0166,EQ-0308,2027-04-23,2027-05-10,Plumbing Installation,Active
EA-0468,PRJ-0023,EQ-0133,2027-11-07,2027-11-12,Painting,Completed
EA-0469,PRJ-0104,EQ-0003,2026-04-03,2026-04-23,Finishing,Active
EA-0470,PRJ-0141,EQ-0070,2026-07-06,2026-07-24,Roofing,Scheduled
EA-0471,PRJ-0479,EQ-0141,2026-02-17,2026-03-03,Inspection,Active
EA-0472,PRJ-0265,EQ-0493,2027-04-29,2027-05-14,Roofing,Completed
EA-0473,PRJ-0276,EQ-0313,2026-07-03,2026-07-13,Roofing,Scheduled
EA-0474,PRJ-0210,EQ-0359,2026-03-26,2026-04-11,Site Cleanup,Completed
EA-0475,PRJ-0012,EQ-0447,2026-07-17,2026-08-01,Finishing,Scheduled
EA-0476,PRJ-0044,EQ-0434,2026-08-20,2026-09-05,Excavation,Scheduled
EA-0477,PRJ-0014,EQ-0494,2026-07-31,2026-08-08,Painting,Active
EA-0478,PRJ-0408,EQ-0488,2027-10-26,2027-11-11,Excavation,Active
EA-0479,PRJ-0201,EQ-0246,2027-08-04,2027-08-17,Plumbing Installation,Active
EA-0480,PRJ-0373,EQ-0167,2027-06-06,2027-06-18,Excavation,Completed
EA-0481,PRJ-0373,EQ-0259,2027-07-03,2027-07-05,Inspection,Scheduled
EA-0482,PRJ-0197,EQ-0252,2026-03-28,2026-04-08,Concrete Works,Completed
EA-0483,PRJ-0455,EQ-0371,2027-03-10,2027-03-17,Structural Framing,Active
EA-0484,PRJ-0356,EQ-0107,2026-04-25,2026-05-10,Finishing,Completed
EA-0485,PRJ-0168,EQ-0010,2027-12-06,2027-12-16,Electrical Installation,Scheduled
EA-0486,PRJ-0331,EQ-0172,2027-03-28,2027-04-12,Plumbing Installation,Completed
EA-0487,PRJ-0296,EQ-0405,2027-04-21,2027-04-30,Roofing,Active
EA-0488,PRJ-0160,EQ-0024,2027-04-06,2027-04-16,Foundation,Completed
EA-0489,PRJ-0223,EQ-0037,2026-04-24,2026-05-13,Finishing,Scheduled
EA-0490,PRJ-0461,EQ-0170,2026-02-25,2026-03-13,Excavation,Active
EA-0491,PRJ-0491,EQ-0018,2027-11-11,2027-11-17,Electrical Installation,Scheduled
EA-0492,PRJ-0442,EQ-0350,2026-03-24,2026-04-02,Painting,Active
EA-0493,PRJ-0447,EQ-0362,2027-01-11,2027-01-26,Site Cleanup,Scheduled
EA-0494,PRJ-0387,EQ-0193,2028-01-28,2028-02-08,Painting,Scheduled
EA-0495,PRJ-0323,EQ-0211,2026-12-17,2026-12-26,Painting,Completed
EA-0496,PRJ-0148,EQ-0294,2027-06-17,2027-07-02,Painting,Scheduled
EA-0497,PRJ-0344,EQ-0198,2027-08-22,2027-09-03,Painting,Active
EA-0498,PRJ-0114,EQ-0010,2027-06-15,2027-06-19,Site Preparation,Scheduled
EA-0499,PRJ-0436,EQ-0392,2026-12-04,2026-12-20,Painting,Completed
EA-0500,PRJ-0194,EQ-0308,2027-06-17,2027-06-21,Finishing,Completed
