demand_id,material_id,demand_date,quantity_demanded
DMD-0001,MAT-0001,2024-01-01,1834.09
DMD-0002,MAT-0001,2024-02-01,1994.13
DMD-0003,MAT-0001,2024-03-01,2261.99
DMD-0004,MAT-0001,2024-04-01,2099.03
DMD-0005,MAT-0001,2024-05-01,2073.62
DMD-0006,MAT-0001,2024-06-01,2205.38
DMD-0007,MAT-0001,2024-07-01,2180.88
DMD-0008,MAT-0001,2024-08-01,1810.9
DMD-0009,MAT-0001,2024-09-01,1724.3
DMD-0010,MAT-0001,2024-10-01,2093.76
DMD-0011,MAT-0001,2024-11-01,1801.06
DMD-0012,MAT-0001,2024-12-01,1729.75
DMD-0013,MAT-0001,2025-01-01,2174.79
DMD-0014,MAT-0001,2025-02-01,2230.31
DMD-0015,MAT-0001,2025-03-01,2175.99
DMD-0016,MAT-0001,2025-04-01,1857.31
DMD-0017,MAT-0001,2025-05-01,1870.78
DMD-0018,MAT-0001,2025-06-01,1985.87
DMD-0019,MAT-0001,2025-07-01,2021.31
DMD-0020,MAT-0001,2025-08-01,1880.39
DMD-0021,MAT-0001,2025-09-01,1991.54
DMD-0022,MAT-0001,2025-10-01,1768.91
DMD-0023,MAT-0001,2025-11-01,1824.31
DMD-0024,MAT-0001,2025-12-01,1730.38
DMD-0025,MAT-0002,2024-01-01,1435.89
DMD-0026,MAT-0002,2024-02-01,1191.33
DMD-0027,MAT-0002,2024-03-01,1488.7
DMD-0028,MAT-0002,2024-04-01,1645.73
DMD-0029,MAT-0002,2024-05-01,1528.86
DMD-0030,MAT-0002,2024-06-01,1466.77
DMD-0031,MAT-0002,2024-07-01,1438.14
DMD-0032,MAT-0002,2024-08-01,1329.45
DMD-0033,MAT-0002,2024-09-01,1148.28
DMD-0034,MAT-0002,2024-10-01,1521.11
DMD-0035,MAT-0002,2024-11-01,1266.4
DMD-0036,MAT-0002,2024-12-01,1247.98
DMD-0037,MAT-0002,2025-01-01,1336.85
DMD-0038,MAT-0002,2025-02-01,1433.65
DMD-0039,MAT-0002,2025-03-01,1537.74
DMD-0040,MAT-0002,2025-04-01,1682.15
DMD-0041,MAT-0002,2025-05-01,1593.04
DMD-0042,MAT-0002,2025-06-01,1548.75
DMD-0043,MAT-0002,2025-07-01,1474.59
DMD-0044,MAT-0002,2025-08-01,1491.69
DMD-0045,MAT-0002,2025-09-01,1194.69
DMD-0046,MAT-0002,2025-10-01,1216.0
DMD-0047,MAT-0002,2025-11-01,1216.09
DMD-0048,MAT-0002,2025-12-01,1094.43
DMD-0049,MAT-0003,2024-01-01,1597.02
DMD-0050,MAT-0003,2024-02-01,1679.71
DMD-0051,MAT-0003,2024-03-01,1661.65
DMD-0052,MAT-0003,2024-04-01,1974.75
DMD-0053,MAT-0003,2024-05-01,1942.13
DMD-0054,MAT-0003,2024-06-01,1756.0
DMD-0055,MAT-0003,2024-07-01,1581.43
DMD-0056,MAT-0003,2024-08-01,1608.13
DMD-0057,MAT-0003,2024-09-01,1724.69
DMD-0058,MAT-0003,2024-10-01,1715.16
DMD-0059,MAT-0003,2024-11-01,1768.54
DMD-0060,MAT-0003,2024-12-01,1894.41
DMD-0061,MAT-0003,2025-01-01,1909.06
DMD-0062,MAT-0003,2025-02-01,1935.93
DMD-0063,MAT-0003,2025-03-01,1743.45
DMD-0064,MAT-0003,2025-04-01,1788.98
DMD-0065,MAT-0003,2025-05-01,2318.93
DMD-0066,MAT-0003,2025-06-01,1783.2
DMD-0067,MAT-0003,2025-07-01,1640.45
DMD-0068,MAT-0003,2025-08-01,2099.32
DMD-0069,MAT-0003,2025-09-01,1825.43
DMD-0070,MAT-0003,2025-10-01,2180.08
DMD-0071,MAT-0003,2025-11-01,1651.5
DMD-0072,MAT-0003,2025-12-01,2001.0
DMD-0073,MAT-0004,2024-01-01,1515.26
DMD-0074,MAT-0004,2024-02-01,1919.56
DMD-0075,MAT-0004,2024-03-01,1958.89
DMD-0076,MAT-0004,2024-04-01,1839.43
DMD-0077,MAT-0004,2024-05-01,2205.04
DMD-0078,MAT-0004,2024-06-01,1961.22
DMD-0079,MAT-0004,2024-07-01,1879.68
DMD-0080,MAT-0004,2024-08-01,2003.85
DMD-0081,MAT-0004,2024-09-01,1572.1
DMD-0082,MAT-0004,2024-10-01,1648.87
DMD-0083,MAT-0004,2024-11-01,1420.91
DMD-0084,MAT-0004,2024-12-01,1722.81
DMD-0085,MAT-0004,2025-01-01,1682.79
DMD-0086,MAT-0004,2025-02-01,1703.72
DMD-0087,MAT-0004,2025-03-01,2486.11
DMD-0088,MAT-0004,2025-04-01,2250.68
DMD-0089,MAT-0004,2025-05-01,2389.08
DMD-0090,MAT-0004,2025-06-01,2368.49
DMD-0091,MAT-0004,2025-07-01,1654.87
DMD-0092,MAT-0004,2025-08-01,1956.84
DMD-0093,MAT-0004,2025-09-01,2167.0
DMD-0094,MAT-0004,2025-10-01,1919.85
DMD-0095,MAT-0004,2025-11-01,2008.5
DMD-0096,MAT-0004,2025-12-01,1993.91
DMD-0097,MAT-0005,2024-01-01,1216.21
DMD-0098,MAT-0005,2024-02-01,1111.37
DMD-0099,MAT-0005,2024-03-01,1550.13
DMD-0100,MAT-0005,2024-04-01,1341.78
DMD-0101,MAT-0005,2024-05-01,1608.29
DMD-0102,MAT-0005,2024-06-01,1370.1
DMD-0103,MAT-0005,2024-07-01,1105.12
DMD-0104,MAT-0005,2024-08-01,1090.2
DMD-0105,MAT-0005,2024-09-01,1206.93
DMD-0106,MAT-0005,2024-10-01,1016.17
DMD-0107,MAT-0005,2024-11-01,959.32
DMD-0108,MAT-0005,2024-12-01,1186.62
DMD-0109,MAT-0005,2025-01-01,1049.53
DMD-0110,MAT-0005,2025-02-01,1133.27
DMD-0111,MAT-0005,2025-03-01,1645.58
DMD-0112,MAT-0005,2025-04-01,1379.94
DMD-0113,MAT-0005,2025-05-01,1434.97
DMD-0114,MAT-0005,2025-06-01,1613.64
DMD-0115,MAT-0005,2025-07-01,1079.31
DMD-0116,MAT-0005,2025-08-01,1375.44
DMD-0117,MAT-0005,2025-09-01,1099.82
DMD-0118,MAT-0005,2025-10-01,1284.88
DMD-0119,MAT-0005,2025-11-01,1120.7
DMD-0120,MAT-0005,2025-12-01,1058.77
DMD-0121,MAT-0006,2024-01-01,587.51
DMD-0122,MAT-0006,2024-02-01,624.47
DMD-0123,MAT-0006,2024-03-01,634.71
DMD-0124,MAT-0006,2024-04-01,757.29
DMD-0125,MAT-0006,2024-05-01,652.51
DMD-0126,MAT-0006,2024-06-01,820.09
DMD-0127,MAT-0006,2024-07-01,523.43
DMD-0128,MAT-0006,2024-08-01,577.02
DMD-0129,MAT-0006,2024-09-01,648.69
DMD-0130,MAT-0006,2024-10-01,528.79
DMD-0131,MAT-0006,2024-11-01,622.03
DMD-0132,MAT-0006,2024-12-01,550.5
DMD-0133,MAT-0006,2025-01-01,585.63
DMD-0134,MAT-0006,2025-02-01,671.76
DMD-0135,MAT-0006,2025-03-01,746.99
DMD-0136,MAT-0006,2025-04-01,677.37
DMD-0137,MAT-0006,2025-05-01,705.02
DMD-0138,MAT-0006,2025-06-01,750.03
DMD-0139,MAT-0006,2025-07-01,690.34
DMD-0140,MAT-0006,2025-08-01,621.42
DMD-0141,MAT-0006,2025-09-01,617.15
DMD-0142,MAT-0006,2025-10-01,599.91
DMD-0143,MAT-0006,2025-11-01,507.71
DMD-0144,MAT-0006,2025-12-01,601.28
DMD-0145,MAT-0007,2024-01-01,330.56
DMD-0146,MAT-0007,2024-02-01,387.19
DMD-0147,MAT-0007,2024-03-01,423.49
DMD-0148,MAT-0007,2024-04-01,384.41
DMD-0149,MAT-0007,2024-05-01,486.46
DMD-0150,MAT-0007,2024-06-01,485.2
DMD-0151,MAT-0007,2024-07-01,353.87
DMD-0152,MAT-0007,2024-08-01,340.89
DMD-0153,MAT-0007,2024-09-01,419.24
DMD-0154,MAT-0007,2024-10-01,393.75
DMD-0155,MAT-0007,2024-11-01,308.31
DMD-0156,MAT-0007,2024-12-01,297.83
DMD-0157,MAT-0007,2025-01-01,395.2
DMD-0158,MAT-0007,2025-02-01,412.59
DMD-0159,MAT-0007,2025-03-01,462.38
DMD-0160,MAT-0007,2025-04-01,419.67
DMD-0161,MAT-0007,2025-05-01,411.36
DMD-0162,MAT-0007,2025-06-01,428.05
DMD-0163,MAT-0007,2025-07-01,376.4
DMD-0164,MAT-0007,2025-08-01,365.46
DMD-0165,MAT-0007,2025-09-01,384.64
DMD-0166,MAT-0007,2025-10-01,350.32
DMD-0167,MAT-0007,2025-11-01,316.72
DMD-0168,MAT-0007,2025-12-01,303.93
DMD-0169,MAT-0008,2024-01-01,614.86
DMD-0170,MAT-0008,2024-02-01,547.07
DMD-0171,MAT-0008,2024-03-01,712.07
DMD-0172,MAT-0008,2024-04-01,681.19
DMD-0173,MAT-0008,2024-05-01,750.03
DMD-0174,MAT-0008,2024-06-01,626.56
DMD-0175,MAT-0008,2024-07-01,593.15
DMD-0176,MAT-0008,2024-08-01,594.41
DMD-0177,MAT-0008,2024-09-01,596.16
DMD-0178,MAT-0008,2024-10-01,641.02
DMD-0179,MAT-0008,2024-11-01,553.86
DMD-0180,MAT-0008,2024-12-01,472.61
DMD-0181,MAT-0008,2025-01-01,632.77
DMD-0182,MAT-0008,2025-02-01,664.31
DMD-0183,MAT-0008,2025-03-01,747.7
DMD-0184,MAT-0008,2025-04-01,832.71
DMD-0185,MAT-0008,2025-05-01,807.76
DMD-0186,MAT-0008,2025-06-01,706.97
DMD-0187,MAT-0008,2025-07-01,541.58
DMD-0188,MAT-0008,2025-08-01,655.3
DMD-0189,MAT-0008,2025-09-01,593.65
DMD-0190,MAT-0008,2025-10-01,643.15
DMD-0191,MAT-0008,2025-11-01,610.48
DMD-0192,MAT-0008,2025-12-01,604.89
DMD-0193,MAT-0009,2024-01-01,728.14
DMD-0194,MAT-0009,2024-02-01,699.77
DMD-0195,MAT-0009,2024-03-01,700.99
DMD-0196,MAT-0009,2024-04-01,705.66
DMD-0197,MAT-0009,2024-05-01,698.47
DMD-0198,MAT-0009,2024-06-01,717.82
DMD-0199,MAT-0009,2024-07-01,631.17
DMD-0200,MAT-0009,2024-08-01,705.66
DMD-0201,MAT-0009,2024-09-01,594.12
DMD-0202,MAT-0009,2024-10-01,605.81
DMD-0203,MAT-0009,2024-11-01,633.28
DMD-0204,MAT-0009,2024-12-01,622.94
DMD-0205,MAT-0009,2025-01-01,632.2
DMD-0206,MAT-0009,2025-02-01,788.12
DMD-0207,MAT-0009,2025-03-01,875.79
DMD-0208,MAT-0009,2025-04-01,801.73
DMD-0209,MAT-0009,2025-05-01,798.08
DMD-0210,MAT-0009,2025-06-01,770.45
DMD-0211,MAT-0009,2025-07-01,671.71
DMD-0212,MAT-0009,2025-08-01,813.5
DMD-0213,MAT-0009,2025-09-01,794.58
DMD-0214,MAT-0009,2025-10-01,735.29
DMD-0215,MAT-0009,2025-11-01,690.27
DMD-0216,MAT-0009,2025-12-01,697.18
DMD-0217,MAT-0010,2024-01-01,1301.32
DMD-0218,MAT-0010,2024-02-01,1693.23
DMD-0219,MAT-0010,2024-03-01,1602.12
DMD-0220,MAT-0010,2024-04-01,1687.18
DMD-0221,MAT-0010,2024-05-01,1484.93
DMD-0222,MAT-0010,2024-06-01,1953.76
DMD-0223,MAT-0010,2024-07-01,1635.6
DMD-0224,MAT-0010,2024-08-01,1432.71
DMD-0225,MAT-0010,2024-09-01,1562.62
DMD-0226,MAT-0010,2024-10-01,1697.07
DMD-0227,MAT-0010,2024-11-01,1690.17
DMD-0228,MAT-0010,2024-12-01,1676.09
DMD-0229,MAT-0010,2025-01-01,1713.83
DMD-0230,MAT-0010,2025-02-01,1801.2
DMD-0231,MAT-0010,2025-03-01,1911.95
DMD-0232,MAT-0010,2025-04-01,1572.51
DMD-0233,MAT-0010,2025-05-01,1926.27
DMD-0234,MAT-0010,2025-06-01,1921.37
DMD-0235,MAT-0010,2025-07-01,1623.62
DMD-0236,MAT-0010,2025-08-01,1848.34
DMD-0237,MAT-0010,2025-09-01,1425.18
DMD-0238,MAT-0010,2025-10-01,1732.8
DMD-0239,MAT-0010,2025-11-01,1450.89
DMD-0240,MAT-0010,2025-12-01,1675.35
DMD-0241,MAT-0011,2024-01-01,893.95
DMD-0242,MAT-0011,2024-02-01,946.65
DMD-0243,MAT-0011,2024-03-01,947.52
DMD-0244,MAT-0011,2024-04-01,976.06
DMD-0245,MAT-0011,2024-05-01,1121.34
DMD-0246,MAT-0011,2024-06-01,1076.75
DMD-0247,MAT-0011,2024-07-01,884.71
DMD-0248,MAT-0011,2024-08-01,1056.46
DMD-0249,MAT-0011,2024-09-01,881.32
DMD-0250,MAT-0011,2024-10-01,1127.3
DMD-0251,MAT-0011,2024-11-01,941.27
DMD-0252,MAT-0011,2024-12-01,937.9
DMD-0253,MAT-0011,2025-01-01,925.85
DMD-0254,MAT-0011,2025-02-01,982.06
DMD-0255,MAT-0011,2025-03-01,1143.8
DMD-0256,MAT-0011,2025-04-01,1172.24
DMD-0257,MAT-0011,2025-05-01,1175.73
DMD-0258,MAT-0011,2025-06-01,1166.18
DMD-0259,MAT-0011,2025-07-01,959.55
DMD-0260,MAT-0011,2025-08-01,939.9
DMD-0261,MAT-0011,2025-09-01,1083.34
DMD-0262,MAT-0011,2025-10-01,1036.35
DMD-0263,MAT-0011,2025-11-01,1100.47
DMD-0264,MAT-0011,2025-12-01,1047.29
DMD-0265,MAT-0012,2024-01-01,1898.69
DMD-0266,MAT-0012,2024-02-01,1726.94
DMD-0267,MAT-0012,2024-03-01,2402.93
DMD-0268,MAT-0012,2024-04-01,2081.71
DMD-0269,MAT-0012,2024-05-01,2445.06
DMD-0270,MAT-0012,2024-06-01,1892.93
DMD-0271,MAT-0012,2024-07-01,1957.8
DMD-0272,MAT-0012,2024-08-01,2034.81
DMD-0273,MAT-0012,2024-09-01,2183.66
DMD-0274,MAT-0012,2024-10-01,1990.19
DMD-0275,MAT-0012,2024-11-01,1962.51
DMD-0276,MAT-0012,2024-12-01,1972.17
DMD-0277,MAT-0012,2025-01-01,2331.09
DMD-0278,MAT-0012,2025-02-01,2059.85
DMD-0279,MAT-0012,2025-03-01,2599.1
DMD-0280,MAT-0012,2025-04-01,2546.78
DMD-0281,MAT-0012,2025-05-01,2619.67
DMD-0282,MAT-0012,2025-06-01,2345.63
DMD-0283,MAT-0012,2025-07-01,2112.1
DMD-0284,MAT-0012,2025-08-01,2334.16
DMD-0285,MAT-0012,2025-09-01,2110.14
DMD-0286,MAT-0012,2025-10-01,2132.45
DMD-0287,MAT-0012,2025-11-01,1818.15
DMD-0288,MAT-0012,2025-12-01,2182.0
DMD-0289,MAT-0013,2024-01-01,908.35
DMD-0290,MAT-0013,2024-02-01,763.1
DMD-0291,MAT-0013,2024-03-01,1081.85
DMD-0292,MAT-0013,2024-04-01,887.37
DMD-0293,MAT-0013,2024-05-01,999.23
DMD-0294,MAT-0013,2024-06-01,953.72
DMD-0295,MAT-0013,2024-07-01,800.99
DMD-0296,MAT-0013,2024-08-01,789.91
DMD-0297,MAT-0013,2024-09-01,1001.08
DMD-0298,MAT-0013,2024-10-01,1012.57
DMD-0299,MAT-0013,2024-11-01,852.87
DMD-0300,MAT-0013,2024-12-01,821.68
DMD-0301,MAT-0013,2025-01-01,938.67
DMD-0302,MAT-0013,2025-02-01,795.17
DMD-0303,MAT-0013,2025-03-01,907.74
DMD-0304,MAT-0013,2025-04-01,1164.5
DMD-0305,MAT-0013,2025-05-01,1074.78
DMD-0306,MAT-0013,2025-06-01,1014.0
DMD-0307,MAT-0013,2025-07-01,954.16
DMD-0308,MAT-0013,2025-08-01,1036.94
DMD-0309,MAT-0013,2025-09-01,1054.79
DMD-0310,MAT-0013,2025-10-01,964.6
DMD-0311,MAT-0013,2025-11-01,968.75
DMD-0312,MAT-0013,2025-12-01,1004.95
DMD-0313,MAT-0014,2024-01-01,1211.39
DMD-0314,MAT-0014,2024-02-01,1286.35
DMD-0315,MAT-0014,2024-03-01,1604.71
DMD-0316,MAT-0014,2024-04-01,1501.97
DMD-0317,MAT-0014,2024-05-01,1554.12
DMD-0318,MAT-0014,2024-06-01,1471.77
DMD-0319,MAT-0014,2024-07-01,1205.59
DMD-0320,MAT-0014,2024-08-01,1360.68
DMD-0321,MAT-0014,2024-09-01,1511.03
DMD-0322,MAT-0014,2024-10-01,1166.76
DMD-0323,MAT-0014,2024-11-01,1124.95
DMD-0324,MAT-0014,2024-12-01,1305.75
DMD-0325,MAT-0014,2025-01-01,1265.94
DMD-0326,MAT-0014,2025-02-01,1249.3
DMD-0327,MAT-0014,2025-03-01,1613.33
DMD-0328,MAT-0014,2025-04-01,1744.71
DMD-0329,MAT-0014,2025-05-01,1443.04
DMD-0330,MAT-0014,2025-06-01,1727.84
DMD-0331,MAT-0014,2025-07-01,1534.85
DMD-0332,MAT-0014,2025-08-01,1507.25
DMD-0333,MAT-0014,2025-09-01,1382.55
DMD-0334,MAT-0014,2025-10-01,1265.62
DMD-0335,MAT-0014,2025-11-01,1126.62
DMD-0336,MAT-0014,2025-12-01,1178.03
DMD-0337,MAT-0015,2024-01-01,1116.2
DMD-0338,MAT-0015,2024-02-01,1165.11
DMD-0339,MAT-0015,2024-03-01,1036.99
DMD-0340,MAT-0015,2024-04-01,1217.27
DMD-0341,MAT-0015,2024-05-01,1118.65
DMD-0342,MAT-0015,2024-06-01,1088.64
DMD-0343,MAT-0015,2024-07-01,1156.26
DMD-0344,MAT-0015,2024-08-01,1149.95
DMD-0345,MAT-0015,2024-09-01,1132.34
DMD-0346,MAT-0015,2024-10-01,1111.46
DMD-0347,MAT-0015,2024-11-01,1070.86
DMD-0348,MAT-0015,2024-12-01,1146.22
DMD-0349,MAT-0015,2025-01-01,986.16
DMD-0350,MAT-0015,2025-02-01,1167.12
DMD-0351,MAT-0015,2025-03-01,1352.59
DMD-0352,MAT-0015,2025-04-01,1187.67
DMD-0353,MAT-0015,2025-05-01,1256.4
DMD-0354,MAT-0015,2025-06-01,1274.66
DMD-0355,MAT-0015,2025-07-01,1061.36
DMD-0356,MAT-0015,2025-08-01,1081.51
DMD-0357,MAT-0015,2025-09-01,1165.65
DMD-0358,MAT-0015,2025-10-01,1147.53
DMD-0359,MAT-0015,2025-11-01,1133.35
DMD-0360,MAT-0015,2025-12-01,1197.28
DMD-0361,MAT-0016,2024-01-01,790.86
DMD-0362,MAT-0016,2024-02-01,855.93
DMD-0363,MAT-0016,2024-03-01,892.91
DMD-0364,MAT-0016,2024-04-01,1034.4
DMD-0365,MAT-0016,2024-05-01,968.6
DMD-0366,MAT-0016,2024-06-01,1054.47
DMD-0367,MAT-0016,2024-07-01,720.14
DMD-0368,MAT-0016,2024-08-01,799.21
DMD-0369,MAT-0016,2024-09-01,728.8
DMD-0370,MAT-0016,2024-10-01,981.23
DMD-0371,MAT-0016,2024-11-01,687.79
DMD-0372,MAT-0016,2024-12-01,888.56
DMD-0373,MAT-0016,2025-01-01,782.27
DMD-0374,MAT-0016,2025-02-01,797.49
DMD-0375,MAT-0016,2025-03-01,924.34
DMD-0376,MAT-0016,2025-04-01,901.11
DMD-0377,MAT-0016,2025-05-01,1100.84
DMD-0378,MAT-0016,2025-06-01,923.82
DMD-0379,MAT-0016,2025-07-01,881.06
DMD-0380,MAT-0016,2025-08-01,998.62
DMD-0381,MAT-0016,2025-09-01,1036.29
DMD-0382,MAT-0016,2025-10-01,828.47
DMD-0383,MAT-0016,2025-11-01,919.34
DMD-0384,MAT-0016,2025-12-01,753.79
DMD-0385,MAT-0017,2024-01-01,1508.7
DMD-0386,MAT-0017,2024-02-01,1550.45
DMD-0387,MAT-0017,2024-03-01,1551.19
DMD-0388,MAT-0017,2024-04-01,1769.72
DMD-0389,MAT-0017,2024-05-01,1904.83
DMD-0390,MAT-0017,2024-06-01,1519.21
DMD-0391,MAT-0017,2024-07-01,1505.65
DMD-0392,MAT-0017,2024-08-01,1873.35
DMD-0393,MAT-0017,2024-09-01,1401.89
DMD-0394,MAT-0017,2024-10-01,1825.64
DMD-0395,MAT-0017,2024-11-01,1753.05
DMD-0396,MAT-0017,2024-12-01,1673.41
DMD-0397,MAT-0017,2025-01-01,1789.79
DMD-0398,MAT-0017,2025-02-01,1600.68
DMD-0399,MAT-0017,2025-03-01,1949.95
DMD-0400,MAT-0017,2025-04-01,1817.36
DMD-0401,MAT-0017,2025-05-01,1671.52
DMD-0402,MAT-0017,2025-06-01,1638.79
DMD-0403,MAT-0017,2025-07-01,1641.01
DMD-0404,MAT-0017,2025-08-01,1952.23
DMD-0405,MAT-0017,2025-09-01,1986.91
DMD-0406,MAT-0017,2025-10-01,1947.03
DMD-0407,MAT-0017,2025-11-01,1779.52
DMD-0408,MAT-0017,2025-12-01,1476.65
DMD-0409,MAT-0018,2024-01-01,380.01
DMD-0410,MAT-0018,2024-02-01,435.13
DMD-0411,MAT-0018,2024-03-01,521.08
DMD-0412,MAT-0018,2024-04-01,555.15
DMD-0413,MAT-0018,2024-05-01,465.93
DMD-0414,MAT-0018,2024-06-01,496.25
DMD-0415,MAT-0018,2024-07-01,432.58
DMD-0416,MAT-0018,2024-08-01,413.56
DMD-0417,MAT-0018,2024-09-01,472.88
DMD-0418,MAT-0018,2024-10-01,514.38
DMD-0419,MAT-0018,2024-11-01,397.51
DMD-0420,MAT-0018,2024-12-01,383.04
DMD-0421,MAT-0018,2025-01-01,402.12
DMD-0422,MAT-0018,2025-02-01,428.01
DMD-0423,MAT-0018,2025-03-01,521.71
DMD-0424,MAT-0018,2025-04-01,594.34
DMD-0425,MAT-0018,2025-05-01,553.72
DMD-0426,MAT-0018,2025-06-01,507.15
DMD-0427,MAT-0018,2025-07-01,404.47
DMD-0428,MAT-0018,2025-08-01,433.61
DMD-0429,MAT-0018,2025-09-01,504.89
DMD-0430,MAT-0018,2025-10-01,496.7
DMD-0431,MAT-0018,2025-11-01,475.6
DMD-0432,MAT-0018,2025-12-01,471.11
DMD-0433,MAT-0019,2024-01-01,1527.92
DMD-0434,MAT-0019,2024-02-01,1471.13
DMD-0435,MAT-0019,2024-03-01,1482.08
DMD-0436,MAT-0019,2024-04-01,1367.6
DMD-0437,MAT-0019,2024-05-01,1560.87
DMD-0438,MAT-0019,2024-06-01,1371.68
DMD-0439,MAT-0019,2024-07-01,1470.57
DMD-0440,MAT-0019,2024-08-01,1443.77
DMD-0441,MAT-0019,2024-09-01,1241.1
DMD-0442,MAT-0019,2024-10-01,1286.97
DMD-0443,MAT-0019,2024-11-01,1261.38
DMD-0444,MAT-0019,2024-12-01,1467.88
DMD-0445,MAT-0019,2025-01-01,1388.94
DMD-0446,MAT-0019,2025-02-01,1497.74
DMD-0447,MAT-0019,2025-03-01,1534.22
DMD-0448,MAT-0019,2025-04-01,1738.78
DMD-0449,MAT-0019,2025-05-01,1628.42
DMD-0450,MAT-0019,2025-06-01,1521.12
DMD-0451,MAT-0019,2025-07-01,1587.15
DMD-0452,MAT-0019,2025-08-01,1601.0
DMD-0453,MAT-0019,2025-09-01,1565.82
DMD-0454,MAT-0019,2025-10-01,1274.2
DMD-0455,MAT-0019,2025-11-01,1358.59
DMD-0456,MAT-0019,2025-12-01,1386.62
DMD-0457,MAT-0020,2024-01-01,196.65
DMD-0458,MAT-0020,2024-02-01,240.83
DMD-0459,MAT-0020,2024-03-01,281.82
DMD-0460,MAT-0020,2024-04-01,248.41
DMD-0461,MAT-0020,2024-05-01,246.03
DMD-0462,MAT-0020,2024-06-01,292.46
DMD-0463,MAT-0020,2024-07-01,218.26
DMD-0464,MAT-0020,2024-08-01,236.84
DMD-0465,MAT-0020,2024-09-01,204.88
DMD-0466,MAT-0020,2024-10-01,225.93
DMD-0467,MAT-0020,2024-11-01,240.35
DMD-0468,MAT-0020,2024-12-01,228.2
DMD-0469,MAT-0020,2025-01-01,239.94
DMD-0470,MAT-0020,2025-02-01,241.24
DMD-0471,MAT-0020,2025-03-01,309.04
DMD-0472,MAT-0020,2025-04-01,311.3
DMD-0473,MAT-0020,2025-05-01,312.55
DMD-0474,MAT-0020,2025-06-01,244.06
DMD-0475,MAT-0020,2025-07-01,218.32
DMD-0476,MAT-0020,2025-08-01,253.94
DMD-0477,MAT-0020,2025-09-01,244.25
DMD-0478,MAT-0020,2025-10-01,243.26
DMD-0479,MAT-0020,2025-11-01,238.35
DMD-0480,MAT-0020,2025-12-01,216.36
DMD-0481,MAT-0021,2024-01-01,1755.92
DMD-0482,MAT-0021,2024-02-01,1565.46
DMD-0483,MAT-0021,2024-03-01,1883.05
DMD-0484,MAT-0021,2024-04-01,1530.91
DMD-0485,MAT-0021,2024-05-01,1934.36
DMD-0486,MAT-0021,2024-06-01,1561.01
DMD-0487,MAT-0021,2024-07-01,1454.15
DMD-0488,MAT-0021,2024-08-01,1861.48
DMD-0489,MAT-0021,2024-09-01,1773.58
DMD-0490,MAT-0021,2024-10-01,1462.72
DMD-0491,MAT-0021,2024-11-01,1642.12
DMD-0492,MAT-0021,2024-12-01,1533.64
DMD-0493,MAT-0021,2025-01-01,1564.6
DMD-0494,MAT-0021,2025-02-01,1906.46
DMD-0495,MAT-0021,2025-03-01,1901.08
DMD-0496,MAT-0021,2025-04-01,1559.21
DMD-0497,MAT-0021,2025-05-01,2023.57
DMD-0498,MAT-0021,2025-06-01,1632.84
DMD-0499,MAT-0021,2025-07-01,1627.57
DMD-0500,MAT-0021,2025-08-01,1922.07
DMD-0501,MAT-0021,2025-09-01,1786.68
DMD-0502,MAT-0021,2025-10-01,1645.54
DMD-0503,MAT-0021,2025-11-01,1788.74
DMD-0504,MAT-0021,2025-12-01,1834.63
DMD-0505,MAT-0022,2024-01-01,590.27
DMD-0506,MAT-0022,2024-02-01,623.41
DMD-0507,MAT-0022,2024-03-01,825.02
DMD-0508,MAT-0022,2024-04-01,738.16
DMD-0509,MAT-0022,2024-05-01,738.55
DMD-0510,MAT-0022,2024-06-01,817.28
DMD-0511,MAT-0022,2024-07-01,592.15
DMD-0512,MAT-0022,2024-08-01,654.04
DMD-0513,MAT-0022,2024-09-01,715.98
DMD-0514,MAT-0022,2024-10-01,621.42
DMD-0515,MAT-0022,2024-11-01,561.97
DMD-0516,MAT-0022,2024-12-01,642.4
DMD-0517,MAT-0022,2025-01-01,752.05
DMD-0518,MAT-0022,2025-02-01,747.42
DMD-0519,MAT-0022,2025-03-01,849.61
DMD-0520,MAT-0022,2025-04-01,823.59
DMD-0521,MAT-0022,2025-05-01,708.19
DMD-0522,MAT-0022,2025-06-01,778.9
DMD-0523,MAT-0022,2025-07-01,648.88
DMD-0524,MAT-0022,2025-08-01,662.84
DMD-0525,MAT-0022,2025-09-01,674.79
DMD-0526,MAT-0022,2025-10-01,624.88
DMD-0527,MAT-0022,2025-11-01,707.56
DMD-0528,MAT-0022,2025-12-01,638.95
DMD-0529,MAT-0023,2024-01-01,1555.22
DMD-0530,MAT-0023,2024-02-01,1381.66
DMD-0531,MAT-0023,2024-03-01,2036.86
DMD-0532,MAT-0023,2024-04-01,1859.76
DMD-0533,MAT-0023,2024-05-01,1649.05
DMD-0534,MAT-0023,2024-06-01,1996.5
DMD-0535,MAT-0023,2024-07-01,1663.6
DMD-0536,MAT-0023,2024-08-01,1518.38
DMD-0537,MAT-0023,2024-09-01,1394.09
DMD-0538,MAT-0023,2024-10-01,1342.15
DMD-0539,MAT-0023,2024-11-01,1304.66
DMD-0540,MAT-0023,2024-12-01,1293.11
DMD-0541,MAT-0023,2025-01-01,1339.47
DMD-0542,MAT-0023,2025-02-01,1652.05
DMD-0543,MAT-0023,2025-03-01,2006.45
DMD-0544,MAT-0023,2025-04-01,1865.36
DMD-0545,MAT-0023,2025-05-01,2044.92
DMD-0546,MAT-0023,2025-06-01,1930.88
DMD-0547,MAT-0023,2025-07-01,1347.16
DMD-0548,MAT-0023,2025-08-01,1774.4
DMD-0549,MAT-0023,2025-09-01,1404.08
DMD-0550,MAT-0023,2025-10-01,1663.72
DMD-0551,MAT-0023,2025-11-01,1198.86
DMD-0552,MAT-0023,2025-12-01,1552.97
DMD-0553,MAT-0024,2024-01-01,592.42
DMD-0554,MAT-0024,2024-02-01,568.28
DMD-0555,MAT-0024,2024-03-01,705.18
DMD-0556,MAT-0024,2024-04-01,791.29
DMD-0557,MAT-0024,2024-05-01,629.8
DMD-0558,MAT-0024,2024-06-01,759.92
DMD-0559,MAT-0024,2024-07-01,587.11
DMD-0560,MAT-0024,2024-08-01,563.86
DMD-0561,MAT-0024,2024-09-01,640.53
DMD-0562,MAT-0024,2024-10-01,569.6
DMD-0563,MAT-0024,2024-11-01,472.67
DMD-0564,MAT-0024,2024-12-01,466.22
DMD-0565,MAT-0024,2025-01-01,504.95
DMD-0566,MAT-0024,2025-02-01,619.34
DMD-0567,MAT-0024,2025-03-01,675.16
DMD-0568,MAT-0024,2025-04-01,800.53
DMD-0569,MAT-0024,2025-05-01,743.83
DMD-0570,MAT-0024,2025-06-01,855.59
DMD-0571,MAT-0024,2025-07-01,584.42
DMD-0572,MAT-0024,2025-08-01,595.37
DMD-0573,MAT-0024,2025-09-01,520.97
DMD-0574,MAT-0024,2025-10-01,641.45
DMD-0575,MAT-0024,2025-11-01,558.51
DMD-0576,MAT-0024,2025-12-01,580.3
DMD-0577,MAT-0025,2024-01-01,897.89
DMD-0578,MAT-0025,2024-02-01,812.7
DMD-0579,MAT-0025,2024-03-01,867.31
DMD-0580,MAT-0025,2024-04-01,1032.22
DMD-0581,MAT-0025,2024-05-01,849.73
DMD-0582,MAT-0025,2024-06-01,914.34
DMD-0583,MAT-0025,2024-07-01,829.9
DMD-0584,MAT-0025,2024-08-01,793.47
DMD-0585,MAT-0025,2024-09-01,815.88
DMD-0586,MAT-0025,2024-10-01,834.93
DMD-0587,MAT-0025,2024-11-01,819.84
DMD-0588,MAT-0025,2024-12-01,697.79
DMD-0589,MAT-0025,2025-01-01,795.51
DMD-0590,MAT-0025,2025-02-01,888.85
DMD-0591,MAT-0025,2025-03-01,1008.16
DMD-0592,MAT-0025,2025-04-01,1057.94
DMD-0593,MAT-0025,2025-05-01,943.69
DMD-0594,MAT-0025,2025-06-01,1140.95
DMD-0595,MAT-0025,2025-07-01,988.55
DMD-0596,MAT-0025,2025-08-01,929.02
DMD-0597,MAT-0025,2025-09-01,890.8
DMD-0598,MAT-0025,2025-10-01,1021.68
DMD-0599,MAT-0025,2025-11-01,896.38
DMD-0600,MAT-0025,2025-12-01,730.93
DMD-0601,MAT-0026,2024-01-01,824.65
DMD-0602,MAT-0026,2024-02-01,836.52
DMD-0603,MAT-0026,2024-03-01,832.73
DMD-0604,MAT-0026,2024-04-01,866.57
DMD-0605,MAT-0026,2024-05-01,885.83
DMD-0606,MAT-0026,2024-06-01,855.73
DMD-0607,MAT-0026,2024-07-01,967.78
DMD-0608,MAT-0026,2024-08-01,929.8
DMD-0609,MAT-0026,2024-09-01,837.02
DMD-0610,MAT-0026,2024-10-01,959.81
DMD-0611,MAT-0026,2024-11-01,709.6
DMD-0612,MAT-0026,2024-12-01,747.73
DMD-0613,MAT-0026,2025-01-01,872.22
DMD-0614,MAT-0026,2025-02-01,879.77
DMD-0615,MAT-0026,2025-03-01,879.32
DMD-0616,MAT-0026,2025-04-01,878.52
DMD-0617,MAT-0026,2025-05-01,973.48
DMD-0618,MAT-0026,2025-06-01,892.59
DMD-0619,MAT-0026,2025-07-01,767.24
DMD-0620,MAT-0026,2025-08-01,791.47
DMD-0621,MAT-0026,2025-09-01,850.35
DMD-0622,MAT-0026,2025-10-01,807.31
DMD-0623,MAT-0026,2025-11-01,797.7
DMD-0624,MAT-0026,2025-12-01,921.4
DMD-0625,MAT-0027,2024-01-01,1443.43
DMD-0626,MAT-0027,2024-02-01,1465.52
DMD-0627,MAT-0027,2024-03-01,2071.75
DMD-0628,MAT-0027,2024-04-01,1762.19
DMD-0629,MAT-0027,2024-05-01,2281.71
DMD-0630,MAT-0027,2024-06-01,1766.81
DMD-0631,MAT-0027,2024-07-01,1574.02
DMD-0632,MAT-0027,2024-08-01,1735.95
DMD-0633,MAT-0027,2024-09-01,1647.07
DMD-0634,MAT-0027,2024-10-01,1692.91
DMD-0635,MAT-0027,2024-11-01,1783.45
DMD-0636,MAT-0027,2024-12-01,1692.3
DMD-0637,MAT-0027,2025-01-01,1844.07
DMD-0638,MAT-0027,2025-02-01,1905.0
DMD-0639,MAT-0027,2025-03-01,2003.94
DMD-0640,MAT-0027,2025-04-01,2376.05
DMD-0641,MAT-0027,2025-05-01,2327.83
DMD-0642,MAT-0027,2025-06-01,1998.72
DMD-0643,MAT-0027,2025-07-01,1865.02
DMD-0644,MAT-0027,2025-08-01,2091.17
DMD-0645,MAT-0027,2025-09-01,1871.49
DMD-0646,MAT-0027,2025-10-01,1725.63
DMD-0647,MAT-0027,2025-11-01,1530.0
DMD-0648,MAT-0027,2025-12-01,1720.53
DMD-0649,MAT-0028,2024-01-01,723.51
DMD-0650,MAT-0028,2024-02-01,656.87
DMD-0651,MAT-0028,2024-03-01,860.76
DMD-0652,MAT-0028,2024-04-01,833.9
DMD-0653,MAT-0028,2024-05-01,1080.04
DMD-0654,MAT-0028,2024-06-01,911.07
DMD-0655,MAT-0028,2024-07-01,686.71
DMD-0656,MAT-0028,2024-08-01,814.66
DMD-0657,MAT-0028,2024-09-01,813.23
DMD-0658,MAT-0028,2024-10-01,821.23
DMD-0659,MAT-0028,2024-11-01,737.89
DMD-0660,MAT-0028,2024-12-01,667.9
DMD-0661,MAT-0028,2025-01-01,692.83
DMD-0662,MAT-0028,2025-02-01,700.62
DMD-0663,MAT-0028,2025-03-01,1116.23
DMD-0664,MAT-0028,2025-04-01,1047.38
DMD-0665,MAT-0028,2025-05-01,913.57
DMD-0666,MAT-0028,2025-06-01,965.38
DMD-0667,MAT-0028,2025-07-01,769.53
DMD-0668,MAT-0028,2025-08-01,883.52
DMD-0669,MAT-0028,2025-09-01,845.39
DMD-0670,MAT-0028,2025-10-01,746.72
DMD-0671,MAT-0028,2025-11-01,750.93
DMD-0672,MAT-0028,2025-12-01,640.56
DMD-0673,MAT-0029,2024-01-01,463.72
DMD-0674,MAT-0029,2024-02-01,491.09
DMD-0675,MAT-0029,2024-03-01,580.21
DMD-0676,MAT-0029,2024-04-01,457.95
DMD-0677,MAT-0029,2024-05-01,563.95
DMD-0678,MAT-0029,2024-06-01,579.14
DMD-0679,MAT-0029,2024-07-01,432.67
DMD-0680,MAT-0029,2024-08-01,495.94
DMD-0681,MAT-0029,2024-09-01,520.66
DMD-0682,MAT-0029,2024-10-01,518.68
DMD-0683,MAT-0029,2024-11-01,534.9
DMD-0684,MAT-0029,2024-12-01,453.32
DMD-0685,MAT-0029,2025-01-01,488.81
DMD-0686,MAT-0029,2025-02-01,575.92
DMD-0687,MAT-0029,2025-03-01,541.8
DMD-0688,MAT-0029,2025-04-01,506.82
DMD-0689,MAT-0029,2025-05-01,604.71
DMD-0690,MAT-0029,2025-06-01,581.81
DMD-0691,MAT-0029,2025-07-01,485.69
DMD-0692,MAT-0029,2025-08-01,592.39
DMD-0693,MAT-0029,2025-09-01,451.43
DMD-0694,MAT-0029,2025-10-01,473.93
DMD-0695,MAT-0029,2025-11-01,559.8
DMD-0696,MAT-0029,2025-12-01,467.29
DMD-0697,MAT-0030,2024-01-01,1473.87
DMD-0698,MAT-0030,2024-02-01,1636.82
DMD-0699,MAT-0030,2024-03-01,1597.13
DMD-0700,MAT-0030,2024-04-01,1597.27
DMD-0701,MAT-0030,2024-05-01,1487.4
DMD-0702,MAT-0030,2024-06-01,1677.86
DMD-0703,MAT-0030,2024-07-01,1535.97
DMD-0704,MAT-0030,2024-08-01,1263.98
DMD-0705,MAT-0030,2024-09-01,1305.04
DMD-0706,MAT-0030,2024-10-01,1354.51
DMD-0707,MAT-0030,2024-11-01,1316.16
DMD-0708,MAT-0030,2024-12-01,1516.89
DMD-0709,MAT-0030,2025-01-01,1542.61
DMD-0710,MAT-0030,2025-02-01,1384.07
DMD-0711,MAT-0030,2025-03-01,1728.7
DMD-0712,MAT-0030,2025-04-01,1767.22
DMD-0713,MAT-0030,2025-05-01,1656.13
DMD-0714,MAT-0030,2025-06-01,1441.09
DMD-0715,MAT-0030,2025-07-01,1500.64
DMD-0716,MAT-0030,2025-08-01,1506.14
DMD-0717,MAT-0030,2025-09-01,1573.21
DMD-0718,MAT-0030,2025-10-01,1754.16
DMD-0719,MAT-0030,2025-11-01,1496.94
DMD-0720,MAT-0030,2025-12-01,1447.42
DMD-0721,MAT-0031,2024-01-01,743.18
DMD-0722,MAT-0031,2024-02-01,651.18
DMD-0723,MAT-0031,2024-03-01,787.66
DMD-0724,MAT-0031,2024-04-01,958.3
DMD-0725,MAT-0031,2024-05-01,757.58
DMD-0726,MAT-0031,2024-06-01,863.86
DMD-0727,MAT-0031,2024-07-01,734.73
DMD-0728,MAT-0031,2024-08-01,721.51
DMD-0729,MAT-0031,2024-09-01,836.47
DMD-0730,MAT-0031,2024-10-01,743.37
DMD-0731,MAT-0031,2024-11-01,696.3
DMD-0732,MAT-0031,2024-12-01,618.52
DMD-0733,MAT-0031,2025-01-01,691.33
DMD-0734,MAT-0031,2025-02-01,827.37
DMD-0735,MAT-0031,2025-03-01,1012.07
DMD-0736,MAT-0031,2025-04-01,959.48
DMD-0737,MAT-0031,2025-05-01,933.02
DMD-0738,MAT-0031,2025-06-01,821.66
DMD-0739,MAT-0031,2025-07-01,686.19
DMD-0740,MAT-0031,2025-08-01,736.05
DMD-0741,MAT-0031,2025-09-01,907.11
DMD-0742,MAT-0031,2025-10-01,816.3
DMD-0743,MAT-0031,2025-11-01,854.88
DMD-0744,MAT-0031,2025-12-01,737.51
DMD-0745,MAT-0032,2024-01-01,1501.65
DMD-0746,MAT-0032,2024-02-01,1756.56
DMD-0747,MAT-0032,2024-03-01,2157.96
DMD-0748,MAT-0032,2024-04-01,1825.9
DMD-0749,MAT-0032,2024-05-01,2135.06
DMD-0750,MAT-0032,2024-06-01,1738.38
DMD-0751,MAT-0032,2024-07-01,1753.95
DMD-0752,MAT-0032,2024-08-01,1741.01
DMD-0753,MAT-0032,2024-09-01,1809.74
DMD-0754,MAT-0032,2024-10-01,1814.81
DMD-0755,MAT-0032,2024-11-01,1755.66
DMD-0756,MAT-0032,2024-12-01,1789.12
DMD-0757,MAT-0032,2025-01-01,1721.0
DMD-0758,MAT-0032,2025-02-01,1913.66
DMD-0759,MAT-0032,2025-03-01,2228.77
DMD-0760,MAT-0032,2025-04-01,1926.96
DMD-0761,MAT-0032,2025-05-01,2031.59
DMD-0762,MAT-0032,2025-06-01,2317.07
DMD-0763,MAT-0032,2025-07-01,1883.35
DMD-0764,MAT-0032,2025-08-01,1733.69
DMD-0765,MAT-0032,2025-09-01,1865.79
DMD-0766,MAT-0032,2025-10-01,1973.43
DMD-0767,MAT-0032,2025-11-01,1758.3
DMD-0768,MAT-0032,2025-12-01,2056.54
DMD-0769,MAT-0033,2024-01-01,1618.16
DMD-0770,MAT-0033,2024-02-01,1448.68
DMD-0771,MAT-0033,2024-03-01,1592.75
DMD-0772,MAT-0033,2024-04-01,1667.29
DMD-0773,MAT-0033,2024-05-01,1581.64
DMD-0774,MAT-0033,2024-06-01,1729.64
DMD-0775,MAT-0033,2024-07-01,1480.59
DMD-0776,MAT-0033,2024-08-01,1728.15
DMD-0777,MAT-0033,2024-09-01,1675.04
DMD-0778,MAT-0033,2024-10-01,1813.09
DMD-0779,MAT-0033,2024-11-01,1515.19
DMD-0780,MAT-0033,2024-12-01,1353.43
DMD-0781,MAT-0033,2025-01-01,1793.87
DMD-0782,MAT-0033,2025-02-01,1452.27
DMD-0783,MAT-0033,2025-03-01,1792.28
DMD-0784,MAT-0033,2025-04-01,2035.59
DMD-0785,MAT-0033,2025-05-01,1911.52
DMD-0786,MAT-0033,2025-06-01,2123.53
DMD-0787,MAT-0033,2025-07-01,1770.2
DMD-0788,MAT-0033,2025-08-01,1833.16
DMD-0789,MAT-0033,2025-09-01,1613.93
DMD-0790,MAT-0033,2025-10-01,1488.94
DMD-0791,MAT-0033,2025-11-01,1796.42
DMD-0792,MAT-0033,2025-12-01,1753.36
DMD-0793,MAT-0034,2024-01-01,738.72
DMD-0794,MAT-0034,2024-02-01,691.56
DMD-0795,MAT-0034,2024-03-01,827.33
DMD-0796,MAT-0034,2024-04-01,1002.93
DMD-0797,MAT-0034,2024-05-01,792.55
DMD-0798,MAT-0034,2024-06-01,901.99
DMD-0799,MAT-0034,2024-07-01,717.32
DMD-0800,MAT-0034,2024-08-01,751.67
DMD-0801,MAT-0034,2024-09-01,888.24
DMD-0802,MAT-0034,2024-10-01,812.24
DMD-0803,MAT-0034,2024-11-01,611.3
DMD-0804,MAT-0034,2024-12-01,689.22
DMD-0805,MAT-0034,2025-01-01,875.15
DMD-0806,MAT-0034,2025-02-01,908.81
DMD-0807,MAT-0034,2025-03-01,812.73
DMD-0808,MAT-0034,2025-04-01,988.66
DMD-0809,MAT-0034,2025-05-01,876.03
DMD-0810,MAT-0034,2025-06-01,1034.6
DMD-0811,MAT-0034,2025-07-01,930.78
DMD-0812,MAT-0034,2025-08-01,902.54
DMD-0813,MAT-0034,2025-09-01,750.47
DMD-0814,MAT-0034,2025-10-01,805.82
DMD-0815,MAT-0034,2025-11-01,789.66
DMD-0816,MAT-0034,2025-12-01,675.43
DMD-0817,MAT-0035,2024-01-01,1241.56
DMD-0818,MAT-0035,2024-02-01,950.71
DMD-0819,MAT-0035,2024-03-01,1385.38
DMD-0820,MAT-0035,2024-04-01,1161.42
DMD-0821,MAT-0035,2024-05-01,1333.45
DMD-0822,MAT-0035,2024-06-01,1189.68
DMD-0823,MAT-0035,2024-07-01,1025.4
DMD-0824,MAT-0035,2024-08-01,1043.37
DMD-0825,MAT-0035,2024-09-01,1036.66
DMD-0826,MAT-0035,2024-10-01,1156.06
DMD-0827,MAT-0035,2024-11-01,968.83
DMD-0828,MAT-0035,2024-12-01,1022.35
DMD-0829,MAT-0035,2025-01-01,1322.49
DMD-0830,MAT-0035,2025-02-01,1115.0
DMD-0831,MAT-0035,2025-03-01,1216.42
DMD-0832,MAT-0035,2025-04-01,1238.65
DMD-0833,MAT-0035,2025-05-01,1138.91
DMD-0834,MAT-0035,2025-06-01,1153.51
DMD-0835,MAT-0035,2025-07-01,1321.32
DMD-0836,MAT-0035,2025-08-01,1331.04
DMD-0837,MAT-0035,2025-09-01,1282.54
DMD-0838,MAT-0035,2025-10-01,1335.75
DMD-0839,MAT-0035,2025-11-01,1294.6
DMD-0840,MAT-0035,2025-12-01,1196.79
DMD-0841,MAT-0036,2024-01-01,936.17
DMD-0842,MAT-0036,2024-02-01,1018.85
DMD-0843,MAT-0036,2024-03-01,925.16
DMD-0844,MAT-0036,2024-04-01,918.61
DMD-0845,MAT-0036,2024-05-01,954.88
DMD-0846,MAT-0036,2024-06-01,1085.71
DMD-0847,MAT-0036,2024-07-01,1058.46
DMD-0848,MAT-0036,2024-08-01,854.59
DMD-0849,MAT-0036,2024-09-01,842.38
DMD-0850,MAT-0036,2024-10-01,852.64
DMD-0851,MAT-0036,2024-11-01,934.33
DMD-0852,MAT-0036,2024-12-01,979.69
DMD-0853,MAT-0036,2025-01-01,1059.63
DMD-0854,MAT-0036,2025-02-01,1047.61
DMD-0855,MAT-0036,2025-03-01,1136.86
DMD-0856,MAT-0036,2025-04-01,1213.93
DMD-0857,MAT-0036,2025-05-01,1046.4
DMD-0858,MAT-0036,2025-06-01,1233.82
DMD-0859,MAT-0036,2025-07-01,1145.72
DMD-0860,MAT-0036,2025-08-01,936.18
DMD-0861,MAT-0036,2025-09-01,991.39
DMD-0862,MAT-0036,2025-10-01,1114.58
DMD-0863,MAT-0036,2025-11-01,1113.39
DMD-0864,MAT-0036,2025-12-01,1131.69
DMD-0865,MAT-0037,2024-01-01,1273.27
DMD-0866,MAT-0037,2024-02-01,1425.74
DMD-0867,MAT-0037,2024-03-01,1684.9
DMD-0868,MAT-0037,2024-04-01,1512.32
DMD-0869,MAT-0037,2024-05-01,1657.05
DMD-0870,MAT-0037,2024-06-01,1608.08
DMD-0871,MAT-0037,2024-07-01,1596.45
DMD-0872,MAT-0037,2024-08-01,1307.57
DMD-0873,MAT-0037,2024-09-01,1462.38
DMD-0874,MAT-0037,2024-10-01,1488.74
DMD-0875,MAT-0037,2024-11-01,1509.38
DMD-0876,MAT-0037,2024-12-01,1537.13
DMD-0877,MAT-0037,2025-01-01,1610.24
DMD-0878,MAT-0037,2025-02-01,1331.92
DMD-0879,MAT-0037,2025-03-01,1822.1
DMD-0880,MAT-0037,2025-04-01,1947.7
DMD-0881,MAT-0037,2025-05-01,1511.54
DMD-0882,MAT-0037,2025-06-01,1884.15
DMD-0883,MAT-0037,2025-07-01,1731.76
DMD-0884,MAT-0037,2025-08-01,1726.02
DMD-0885,MAT-0037,2025-09-01,1627.35
DMD-0886,MAT-0037,2025-10-01,1374.76
DMD-0887,MAT-0037,2025-11-01,1546.42
DMD-0888,MAT-0037,2025-12-01,1227.42
DMD-0889,MAT-0038,2024-01-01,1610.93
DMD-0890,MAT-0038,2024-02-01,1597.28
DMD-0891,MAT-0038,2024-03-01,2218.45
DMD-0892,MAT-0038,2024-04-01,1954.12
DMD-0893,MAT-0038,2024-05-01,2270.43
DMD-0894,MAT-0038,2024-06-01,2396.16
DMD-0895,MAT-0038,2024-07-01,1643.2
DMD-0896,MAT-0038,2024-08-01,1641.45
DMD-0897,MAT-0038,2024-09-01,1616.38
DMD-0898,MAT-0038,2024-10-01,1919.13
DMD-0899,MAT-0038,2024-11-01,1581.74
DMD-0900,MAT-0038,2024-12-01,1453.41
DMD-0901,MAT-0038,2025-01-01,1975.39
DMD-0902,MAT-0038,2025-02-01,1979.53
DMD-0903,MAT-0038,2025-03-01,2504.63
DMD-0904,MAT-0038,2025-04-01,1958.8
DMD-0905,MAT-0038,2025-05-01,2426.56
DMD-0906,MAT-0038,2025-06-01,1953.74
DMD-0907,MAT-0038,2025-07-01,1669.07
DMD-0908,MAT-0038,2025-08-01,1769.76
DMD-0909,MAT-0038,2025-09-01,1572.15
DMD-0910,MAT-0038,2025-10-01,2063.13
DMD-0911,MAT-0038,2025-11-01,1451.65
DMD-0912,MAT-0038,2025-12-01,1454.37
DMD-0913,MAT-0039,2024-01-01,1125.94
DMD-0914,MAT-0039,2024-02-01,1197.3
DMD-0915,MAT-0039,2024-03-01,1004.65
DMD-0916,MAT-0039,2024-04-01,1355.87
DMD-0917,MAT-0039,2024-05-01,1218.24
DMD-0918,MAT-0039,2024-06-01,1287.14
DMD-0919,MAT-0039,2024-07-01,1253.63
DMD-0920,MAT-0039,2024-08-01,1063.02
DMD-0921,MAT-0039,2024-09-01,981.18
DMD-0922,MAT-0039,2024-10-01,1230.58
DMD-0923,MAT-0039,2024-11-01,1077.19
DMD-0924,MAT-0039,2024-12-01,1150.45
DMD-0925,MAT-0039,2025-01-01,1188.9
DMD-0926,MAT-0039,2025-02-01,1002.07
DMD-0927,MAT-0039,2025-03-01,1116.26
DMD-0928,MAT-0039,2025-04-01,1343.96
DMD-0929,MAT-0039,2025-05-01,1209.44
DMD-0930,MAT-0039,2025-06-01,1274.96
DMD-0931,MAT-0039,2025-07-01,1053.72
DMD-0932,MAT-0039,2025-08-01,1187.89
DMD-0933,MAT-0039,2025-09-01,1323.26
DMD-0934,MAT-0039,2025-10-01,1118.37
DMD-0935,MAT-0039,2025-11-01,1066.55
DMD-0936,MAT-0039,2025-12-01,1185.48
DMD-0937,MAT-0040,2024-01-01,614.26
DMD-0938,MAT-0040,2024-02-01,752.1
DMD-0939,MAT-0040,2024-03-01,895.11
DMD-0940,MAT-0040,2024-04-01,928.84
DMD-0941,MAT-0040,2024-05-01,743.52
DMD-0942,MAT-0040,2024-06-01,708.77
DMD-0943,MAT-0040,2024-07-01,658.9
DMD-0944,MAT-0040,2024-08-01,704.32
DMD-0945,MAT-0040,2024-09-01,724.97
DMD-0946,MAT-0040,2024-10-01,746.55
DMD-0947,MAT-0040,2024-11-01,754.88
DMD-0948,MAT-0040,2024-12-01,726.76
DMD-0949,MAT-0040,2025-01-01,728.91
DMD-0950,MAT-0040,2025-02-01,854.35
DMD-0951,MAT-0040,2025-03-01,906.89
DMD-0952,MAT-0040,2025-04-01,840.42
DMD-0953,MAT-0040,2025-05-01,761.92
DMD-0954,MAT-0040,2025-06-01,798.13
DMD-0955,MAT-0040,2025-07-01,661.63
DMD-0956,MAT-0040,2025-08-01,790.07
DMD-0957,MAT-0040,2025-09-01,754.63
DMD-0958,MAT-0040,2025-10-01,691.14
DMD-0959,MAT-0040,2025-11-01,658.5
DMD-0960,MAT-0040,2025-12-01,713.75
DMD-0961,MAT-0041,2024-01-01,2082.79
DMD-0962,MAT-0041,2024-02-01,1783.03
DMD-0963,MAT-0041,2024-03-01,1918.31
DMD-0964,MAT-0041,2024-04-01,2360.86
DMD-0965,MAT-0041,2024-05-01,2003.64
DMD-0966,MAT-0041,2024-06-01,1845.4
DMD-0967,MAT-0041,2024-07-01,2178.55
DMD-0968,MAT-0041,2024-08-01,1865.19
DMD-0969,MAT-0041,2024-09-01,2236.32
DMD-0970,MAT-0041,2024-10-01,2013.48
DMD-0971,MAT-0041,2024-11-01,1983.3
DMD-0972,MAT-0041,2024-12-01,2028.29
DMD-0973,MAT-0041,2025-01-01,2001.63
DMD-0974,MAT-0041,2025-02-01,2359.32
DMD-0975,MAT-0041,2025-03-01,2063.44
DMD-0976,MAT-0041,2025-04-01,2340.24
DMD-0977,MAT-0041,2025-05-01,2061.44
DMD-0978,MAT-0041,2025-06-01,2595.97
DMD-0979,MAT-0041,2025-07-01,1807.15
DMD-0980,MAT-0041,2025-08-01,2390.36
DMD-0981,MAT-0041,2025-09-01,1840.58
DMD-0982,MAT-0041,2025-10-01,2417.27
DMD-0983,MAT-0041,2025-11-01,1805.3
DMD-0984,MAT-0041,2025-12-01,2007.77
DMD-0985,MAT-0042,2024-01-01,1512.76
DMD-0986,MAT-0042,2024-02-01,1809.42
DMD-0987,MAT-0042,2024-03-01,1698.86
DMD-0988,MAT-0042,2024-04-01,1782.08
DMD-0989,MAT-0042,2024-05-01,2115.3
DMD-0990,MAT-0042,2024-06-01,1818.11
DMD-0991,MAT-0042,2024-07-01,1615.65
DMD-0992,MAT-0042,2024-08-01,1474.08
DMD-0993,MAT-0042,2024-09-01,1811.81
DMD-0994,MAT-0042,2024-10-01,1725.04
DMD-0995,MAT-0042,2024-11-01,1852.33
DMD-0996,MAT-0042,2024-12-01,1831.23
DMD-0997,MAT-0042,2025-01-01,1709.69
DMD-0998,MAT-0042,2025-02-01,1602.48
DMD-0999,MAT-0042,2025-03-01,2060.51
DMD-1000,MAT-0042,2025-04-01,1767.06
DMD-1001,MAT-0042,2025-05-01,2240.0
DMD-1002,MAT-0042,2025-06-01,2125.51
DMD-1003,MAT-0042,2025-07-01,1830.93
DMD-1004,MAT-0042,2025-08-01,1847.9
DMD-1005,MAT-0042,2025-09-01,1609.27
DMD-1006,MAT-0042,2025-10-01,1784.65
DMD-1007,MAT-0042,2025-11-01,1994.05
DMD-1008,MAT-0042,2025-12-01,1704.94
DMD-1009,MAT-0043,2024-01-01,205.46
DMD-1010,MAT-0043,2024-02-01,171.86
DMD-1011,MAT-0043,2024-03-01,221.09
DMD-1012,MAT-0043,2024-04-01,195.76
DMD-1013,MAT-0043,2024-05-01,225.32
DMD-1014,MAT-0043,2024-06-01,198.49
DMD-1015,MAT-0043,2024-07-01,171.54
DMD-1016,MAT-0043,2024-08-01,181.64
DMD-1017,MAT-0043,2024-09-01,206.0
DMD-1018,MAT-0043,2024-10-01,179.69
DMD-1019,MAT-0043,2024-11-01,196.47
DMD-1020,MAT-0043,2024-12-01,186.36
DMD-1021,MAT-0043,2025-01-01,224.92
DMD-1022,MAT-0043,2025-02-01,214.51
DMD-1023,MAT-0043,2025-03-01,270.69
DMD-1024,MAT-0043,2025-04-01,216.68
DMD-1025,MAT-0043,2025-05-01,230.75
DMD-1026,MAT-0043,2025-06-01,214.16
DMD-1027,MAT-0043,2025-07-01,176.59
DMD-1028,MAT-0043,2025-08-01,200.05
DMD-1029,MAT-0043,2025-09-01,207.38
DMD-1030,MAT-0043,2025-10-01,211.62
DMD-1031,MAT-0043,2025-11-01,178.79
DMD-1032,MAT-0043,2025-12-01,188.2
DMD-1033,MAT-0044,2024-01-01,493.63
DMD-1034,MAT-0044,2024-02-01,484.22
DMD-1035,MAT-0044,2024-03-01,649.22
DMD-1036,MAT-0044,2024-04-01,760.21
DMD-1037,MAT-0044,2024-05-01,771.43
DMD-1038,MAT-0044,2024-06-01,643.26
DMD-1039,MAT-0044,2024-07-01,636.26
DMD-1040,MAT-0044,2024-08-01,618.31
DMD-1041,MAT-0044,2024-09-01,586.52
DMD-1042,MAT-0044,2024-10-01,550.28
DMD-1043,MAT-0044,2024-11-01,553.48
DMD-1044,MAT-0044,2024-12-01,572.38
DMD-1045,MAT-0044,2025-01-01,499.81
DMD-1046,MAT-0044,2025-02-01,513.15
DMD-1047,MAT-0044,2025-03-01,626.95
DMD-1048,MAT-0044,2025-04-01,816.03
DMD-1049,MAT-0044,2025-05-01,767.92
DMD-1050,MAT-0044,2025-06-01,786.58
DMD-1051,MAT-0044,2025-07-01,622.72
DMD-1052,MAT-0044,2025-08-01,581.75
DMD-1053,MAT-0044,2025-09-01,546.89
DMD-1054,MAT-0044,2025-10-01,639.46
DMD-1055,MAT-0044,2025-11-01,467.79
DMD-1056,MAT-0044,2025-12-01,522.57
DMD-1057,MAT-0045,2024-01-01,1597.55
DMD-1058,MAT-0045,2024-02-01,1614.83
DMD-1059,MAT-0045,2024-03-01,1613.53
DMD-1060,MAT-0045,2024-04-01,1667.36
DMD-1061,MAT-0045,2024-05-01,1987.27
DMD-1062,MAT-0045,2024-06-01,1852.13
DMD-1063,MAT-0045,2024-07-01,1822.48
DMD-1064,MAT-0045,2024-08-01,1691.0
DMD-1065,MAT-0045,2024-09-01,1485.54
DMD-1066,MAT-0045,2024-10-01,1684.52
DMD-1067,MAT-0045,2024-11-01,1797.84
DMD-1068,MAT-0045,2024-12-01,1603.56
DMD-1069,MAT-0045,2025-01-01,1854.43
DMD-1070,MAT-0045,2025-02-01,1513.63
DMD-1071,MAT-0045,2025-03-01,1881.29
DMD-1072,MAT-0045,2025-04-01,2021.82
DMD-1073,MAT-0045,2025-05-01,1893.0
DMD-1074,MAT-0045,2025-06-01,1684.62
DMD-1075,MAT-0045,2025-07-01,1916.64
DMD-1076,MAT-0045,2025-08-01,1831.63
DMD-1077,MAT-0045,2025-09-01,1612.24
DMD-1078,MAT-0045,2025-10-01,1979.28
DMD-1079,MAT-0045,2025-11-01,1593.59
DMD-1080,MAT-0045,2025-12-01,2014.24
DMD-1081,MAT-0046,2024-01-01,1860.33
DMD-1082,MAT-0046,2024-02-01,2043.73
DMD-1083,MAT-0046,2024-03-01,1968.07
DMD-1084,MAT-0046,2024-04-01,2347.81
DMD-1085,MAT-0046,2024-05-01,2644.24
DMD-1086,MAT-0046,2024-06-01,2209.9
DMD-1087,MAT-0046,2024-07-01,1768.45
DMD-1088,MAT-0046,2024-08-01,1976.12
DMD-1089,MAT-0046,2024-09-01,1956.54
DMD-1090,MAT-0046,2024-10-01,1728.94
DMD-1091,MAT-0046,2024-11-01,2144.18
DMD-1092,MAT-0046,2024-12-01,1693.42
DMD-1093,MAT-0046,2025-01-01,2126.96
DMD-1094,MAT-0046,2025-02-01,1863.06
DMD-1095,MAT-0046,2025-03-01,2748.86
DMD-1096,MAT-0046,2025-04-01,2678.94
DMD-1097,MAT-0046,2025-05-01,2624.35
DMD-1098,MAT-0046,2025-06-01,2429.53
DMD-1099,MAT-0046,2025-07-01,1946.04
DMD-1100,MAT-0046,2025-08-01,2264.35
DMD-1101,MAT-0046,2025-09-01,1996.34
DMD-1102,MAT-0046,2025-10-01,2417.52
DMD-1103,MAT-0046,2025-11-01,1725.37
DMD-1104,MAT-0046,2025-12-01,2226.19
DMD-1105,MAT-0047,2024-01-01,650.58
DMD-1106,MAT-0047,2024-02-01,806.05
DMD-1107,MAT-0047,2024-03-01,839.16
DMD-1108,MAT-0047,2024-04-01,752.71
DMD-1109,MAT-0047,2024-05-01,845.45
DMD-1110,MAT-0047,2024-06-01,713.31
DMD-1111,MAT-0047,2024-07-01,670.87
DMD-1112,MAT-0047,2024-08-01,706.22
DMD-1113,MAT-0047,2024-09-01,655.71
DMD-1114,MAT-0047,2024-10-01,840.11
DMD-1115,MAT-0047,2024-11-01,715.98
DMD-1116,MAT-0047,2024-12-01,707.67
DMD-1117,MAT-0047,2025-01-01,697.37
DMD-1118,MAT-0047,2025-02-01,647.93
DMD-1119,MAT-0047,2025-03-01,929.24
DMD-1120,MAT-0047,2025-04-01,942.61
DMD-1121,MAT-0047,2025-05-01,952.17
DMD-1122,MAT-0047,2025-06-01,923.96
DMD-1123,MAT-0047,2025-07-01,763.18
DMD-1124,MAT-0047,2025-08-01,746.13
DMD-1125,MAT-0047,2025-09-01,717.92
DMD-1126,MAT-0047,2025-10-01,800.35
DMD-1127,MAT-0047,2025-11-01,763.74
DMD-1128,MAT-0047,2025-12-01,669.19
DMD-1129,MAT-0048,2024-01-01,1528.18
DMD-1130,MAT-0048,2024-02-01,1616.8
DMD-1131,MAT-0048,2024-03-01,1701.2
DMD-1132,MAT-0048,2024-04-01,2158.59
DMD-1133,MAT-0048,2024-05-01,1906.44
DMD-1134,MAT-0048,2024-06-01,1983.05
DMD-1135,MAT-0048,2024-07-01,1803.38
DMD-1136,MAT-0048,2024-08-01,1547.51
DMD-1137,MAT-0048,2024-09-01,1616.77
DMD-1138,MAT-0048,2024-10-01,1541.59
DMD-1139,MAT-0048,2024-11-01,1368.75
DMD-1140,MAT-0048,2024-12-01,1617.13
DMD-1141,MAT-0048,2025-01-01,1700.61
DMD-1142,MAT-0048,2025-02-01,1860.07
DMD-1143,MAT-0048,2025-03-01,1886.65
DMD-1144,MAT-0048,2025-04-01,1730.54
DMD-1145,MAT-0048,2025-05-01,2203.32
DMD-1146,MAT-0048,2025-06-01,2278.47
DMD-1147,MAT-0048,2025-07-01,1746.56
DMD-1148,MAT-0048,2025-08-01,1746.39
DMD-1149,MAT-0048,2025-09-01,1548.96
DMD-1150,MAT-0048,2025-10-01,1809.45
DMD-1151,MAT-0048,2025-11-01,1793.01
DMD-1152,MAT-0048,2025-12-01,1448.51
DMD-1153,MAT-0049,2024-01-01,352.44
DMD-1154,MAT-0049,2024-02-01,322.4
DMD-1155,MAT-0049,2024-03-01,384.5
DMD-1156,MAT-0049,2024-04-01,385.42
DMD-1157,MAT-0049,2024-05-01,414.32
DMD-1158,MAT-0049,2024-06-01,416.89
DMD-1159,MAT-0049,2024-07-01,374.64
DMD-1160,MAT-0049,2024-08-01,338.78
DMD-1161,MAT-0049,2024-09-01,326.61
DMD-1162,MAT-0049,2024-10-01,324.22
DMD-1163,MAT-0049,2024-11-01,293.21
DMD-1164,MAT-0049,2024-12-01,375.75
DMD-1165,MAT-0049,2025-01-01,417.45
DMD-1166,MAT-0049,2025-02-01,323.39
DMD-1167,MAT-0049,2025-03-01,427.21
DMD-1168,MAT-0049,2025-04-01,437.09
DMD-1169,MAT-0049,2025-05-01,458.78
DMD-1170,MAT-0049,2025-06-01,501.62
DMD-1171,MAT-0049,2025-07-01,388.52
DMD-1172,MAT-0049,2025-08-01,363.75
DMD-1173,MAT-0049,2025-09-01,444.24
DMD-1174,MAT-0049,2025-10-01,381.12
DMD-1175,MAT-0049,2025-11-01,367.52
DMD-1176,MAT-0049,2025-12-01,349.45
DMD-1177,MAT-0050,2024-01-01,570.3
DMD-1178,MAT-0050,2024-02-01,544.31
DMD-1179,MAT-0050,2024-03-01,591.33
DMD-1180,MAT-0050,2024-04-01,693.5
DMD-1181,MAT-0050,2024-05-01,604.12
DMD-1182,MAT-0050,2024-06-01,565.69
DMD-1183,MAT-0050,2024-07-01,522.02
DMD-1184,MAT-0050,2024-08-01,472.23
DMD-1185,MAT-0050,2024-09-01,512.93
DMD-1186,MAT-0050,2024-10-01,612.6
DMD-1187,MAT-0050,2024-11-01,507.43
DMD-1188,MAT-0050,2024-12-01,453.29
DMD-1189,MAT-0050,2025-01-01,475.04
DMD-1190,MAT-0050,2025-02-01,493.91
DMD-1191,MAT-0050,2025-03-01,548.44
DMD-1192,MAT-0050,2025-04-01,635.51
DMD-1193,MAT-0050,2025-05-01,669.29
DMD-1194,MAT-0050,2025-06-01,654.11
DMD-1195,MAT-0050,2025-07-01,513.8
DMD-1196,MAT-0050,2025-08-01,634.75
DMD-1197,MAT-0050,2025-09-01,514.85
DMD-1198,MAT-0050,2025-10-01,587.07
DMD-1199,MAT-0050,2025-11-01,613.43
DMD-1200,MAT-0050,2025-12-01,564.16
