material_allocation_id,project_id,material_id,quantity_required,quantity_used,required_date,status
MA-0001,PRJ-0454,MAT-0424,4562,2755,2027-11-17,Used
MA-0002,PRJ-0400,MAT-0485,2800,1005,2027-09-04,Pending
MA-0003,PRJ-0493,MAT-0297,4272,80,2027-12-08,Ordered
MA-0004,PRJ-0186,MAT-0180,2557,586,2026-12-22,Pending
MA-0005,PRJ-0166,MAT-0127,3647,1680,2027-07-23,Delivered
MA-0006,PRJ-0497,MAT-0068,3001,1364,2027-07-18,Used
MA-0007,PRJ-0286,MAT-0441,3485,2255,2026-12-01,Used
MA-0008,PRJ-0279,MAT-0204,234,173,2026-06-20,Pending
MA-0009,PRJ-0118,MAT-0370,4844,1065,2027-12-23,Pending
MA-0010,PRJ-0128,MAT-0455,625,492,2027-10-28,Pending
MA-0011,PRJ-0319,MAT-0497,2680,2294,2028-02-09,Used
MA-0012,PRJ-0473,MAT-0107,4858,4724,2026-07-07,Ordered
MA-0013,PRJ-0277,MAT-0416,3876,2317,2027-07-29,Used
MA-0014,PRJ-0082,MAT-0471,4264,4071,2026-08-09,Pending
MA-0015,PRJ-0129,MAT-0411,1300,634,2027-02-11,Delivered
MA-0016,PRJ-0409,MAT-0210,1432,1180,2026-01-16,Used
MA-0017,PRJ-0469,MAT-0342,4740,3213,2026-05-27,Delivered
MA-0018,PRJ-0059,MAT-0219,78,30,2026-10-01,Ordered
MA-0019,PRJ-0278,MAT-0286,4159,54,2027-01-03,Pending
MA-0020,PRJ-0010,MAT-0166,653,42,2026-12-21,Used
MA-0021,PRJ-0160,MAT-0174,659,153,2027-03-31,Ordered
MA-0022,PRJ-0349,MAT-0082,39,5,2027-01-02,Used
MA-0023,PRJ-0185,MAT-0153,3012,1112,2026-09-10,Used
MA-0024,PRJ-0142,MAT-0272,4091,2537,2026-05-10,Pending
MA-0025,PRJ-0029,MAT-0445,2214,1662,2026-10-23,Ordered
MA-0026,PRJ-0448,MAT-0239,2627,73,2027-09-21,Pending
MA-0027,PRJ-0183,MAT-0088,3333,2789,2027-12-21,Used
MA-0028,PRJ-0130,MAT-0142,1409,104,2026-10-20,Used
MA-0029,PRJ-0029,MAT-0247,4389,2798,2026-10-07,Ordered
MA-0030,PRJ-0104,MAT-0007,4702,3051,2026-06-04,Used
MA-0031,PRJ-0073,MAT-0462,1958,1410,2026-07-08,Ordered
MA-0032,PRJ-0204,MAT-0274,95,54,2027-03-17,Pending
MA-0033,PRJ-0443,MAT-0133,2759,1824,2026-11-03,Ordered
MA-0034,PRJ-0118,MAT-0069,3297,1988,2027-12-11,Delivered
MA-0035,PRJ-0380,MAT-0340,4364,2803,2028-01-08,Pending
MA-0036,PRJ-0318,MAT-0325,3780,28,2027-04-17,Delivered
MA-0037,PRJ-0023,MAT-0370,885,579,2027-12-03,Used
MA-0038,PRJ-0312,MAT-0434,3969,2741,2027-02-26,Pending
MA-0039,PRJ-0317,MAT-0067,2880,301,2027-08-08,Ordered
MA-0040,PRJ-0024,MAT-0062,4616,1267,2028-01-26,Delivered
MA-0041,PRJ-0065,MAT-0122,1868,1443,2026-03-24,Used
MA-0042,PRJ-0431,MAT-0002,2210,809,2027-11-08,Used
MA-0043,PRJ-0300,MAT-0175,4151,1323,2026-08-30,Pending
MA-0044,PRJ-0176,MAT-0275,3057,1321,2027-07-06,Pending
MA-0045,PRJ-0220,MAT-0432,1738,1642,2026-08-31,Used
MA-0046,PRJ-0043,MAT-0145,4937,1350,2027-08-22,Used
MA-0047,PRJ-0172,MAT-0426,3774,1239,2026-05-27,Pending
MA-0048,PRJ-0406,MAT-0494,2547,751,2027-02-16,Used
MA-0049,PRJ-0424,MAT-0122,4784,3375,2028-01-04,Used
MA-0050,PRJ-0067,MAT-0178,4935,653,2026-10-18,Ordered
MA-0051,PRJ-0355,MAT-0036,1466,615,2028-03-06,Used
MA-0052,PRJ-0373,MAT-0231,1940,1555,2027-08-27,Used
MA-0053,PRJ-0363,MAT-0405,3787,1966,2026-12-12,Delivered
MA-0054,PRJ-0153,MAT-0098,2514,809,2027-02-04,Delivered
MA-0055,PRJ-0441,MAT-0156,3798,2125,2027-10-26,Ordered
MA-0056,PRJ-0310,MAT-0499,3093,1482,2027-05-21,Pending
MA-0057,PRJ-0173,MAT-0463,3336,3082,2027-01-20,Delivered
MA-0058,PRJ-0115,MAT-0458,4257,352,2027-04-16,Pending
MA-0059,PRJ-0391,MAT-0413,1864,553,2027-04-24,Pending
MA-0060,PRJ-0329,MAT-0152,1036,600,2028-02-20,Used
MA-0061,PRJ-0493,MAT-0026,260,25,2028-01-17,Delivered
MA-0062,PRJ-0005,MAT-0308,549,429,2027-04-24,Delivered
MA-0063,PRJ-0248,MAT-0117,3924,1700,2027-07-22,Delivered
MA-0064,PRJ-0451,MAT-0086,3331,1564,2027-10-22,Ordered
MA-0065,PRJ-0065,MAT-0188,2153,629,2026-03-09,Ordered
MA-0066,PRJ-0212,MAT-0401,4921,1891,2026-09-30,Pending
MA-0067,PRJ-0368,MAT-0491,2208,240,2026-04-11,Delivered
MA-0068,PRJ-0076,MAT-0239,1990,222,2026-05-13,Pending
MA-0069,PRJ-0386,MAT-0236,1520,373,2027-08-22,Delivered
MA-0070,PRJ-0467,MAT-0034,2128,2012,2028-01-19,Used
MA-0071,PRJ-0293,MAT-0497,114,112,2027-05-31,Pending
MA-0072,PRJ-0268,MAT-0137,1041,456,2026-11-17,Delivered
MA-0073,PRJ-0313,MAT-0271,2245,1836,2027-12-07,Ordered
MA-0074,PRJ-0081,MAT-0295,4423,1985,2026-11-11,Delivered
MA-0075,PRJ-0316,MAT-0214,3413,2840,2027-09-17,Used
MA-0076,PRJ-0409,MAT-0479,685,361,2026-02-02,Pending
MA-0077,PRJ-0405,MAT-0087,1371,883,2026-10-07,Ordered
MA-0078,PRJ-0380,MAT-0155,3819,2984,2028-02-12,Ordered
MA-0079,PRJ-0207,MAT-0167,96,5,2028-01-17,Ordered
MA-0080,PRJ-0074,MAT-0310,4620,130,2027-11-26,Pending
MA-0081,PRJ-0361,MAT-0498,465,221,2026-12-13,Used
MA-0082,PRJ-0209,MAT-0035,2563,1233,2027-08-22,Used
MA-0083,PRJ-0258,MAT-0251,2053,1330,2026-02-16,Delivered
MA-0084,PRJ-0338,MAT-0481,440,365,2026-11-14,Ordered
MA-0085,PRJ-0329,MAT-0128,1033,820,2028-03-10,Used
MA-0086,PRJ-0307,MAT-0074,511,443,2026-05-28,Delivered
MA-0087,PRJ-0416,MAT-0442,2202,920,2026-06-05,Ordered
MA-0088,PRJ-0157,MAT-0490,1903,1400,2026-08-07,Used
MA-0089,PRJ-0301,MAT-0010,2280,1308,2026-06-20,Ordered
MA-0090,PRJ-0406,MAT-0353,2850,714,2027-03-15,Used
MA-0091,PRJ-0286,MAT-0356,1832,684,2026-11-22,Ordered
MA-0092,PRJ-0128,MAT-0424,4195,807,2027-11-21,Ordered
MA-0093,PRJ-0011,MAT-0479,3953,952,2027-09-08,Delivered
MA-0094,PRJ-0128,MAT-0323,1715,103,2027-11-16,Ordered
MA-0095,PRJ-0217,MAT-0159,841,183,2026-12-02,Delivered
MA-0096,PRJ-0389,MAT-0244,2086,88,2026-04-23,Delivered
MA-0097,PRJ-0098,MAT-0366,3767,644,2027-09-09,Ordered
MA-0098,PRJ-0118,MAT-0178,377,165,2027-12-11,Used
MA-0099,PRJ-0025,MAT-0065,2046,1682,2027-05-16,Delivered
MA-0100,PRJ-0050,MAT-0420,242,124,2027-02-16,Pending
MA-0101,PRJ-0188,MAT-0485,2930,1328,2026-08-21,Used
MA-0102,PRJ-0028,MAT-0412,4824,2185,2027-06-19,Pending
MA-0103,PRJ-0140,MAT-0078,1257,612,2027-09-14,Used
MA-0104,PRJ-0157,MAT-0037,654,607,2026-08-13,Ordered
MA-0105,PRJ-0191,MAT-0417,3059,358,2026-02-25,Delivered
MA-0106,PRJ-0120,MAT-0262,301,248,2027-06-24,Pending
MA-0107,PRJ-0301,MAT-0047,2053,1414,2026-05-26,Delivered
MA-0108,PRJ-0367,MAT-0381,1838,1493,2027-11-20,Delivered
MA-0109,PRJ-0313,MAT-0493,2090,280,2028-01-15,Used
MA-0110,PRJ-0057,MAT-0171,4083,3515,2026-12-03,Delivered
MA-0111,PRJ-0184,MAT-0255,1003,915,2027-04-16,Used
MA-0112,PRJ-0409,MAT-0119,1432,1054,2026-03-23,Ordered
MA-0113,PRJ-0143,MAT-0210,2025,35,2026-10-06,Used
MA-0114,PRJ-0062,MAT-0382,3372,549,2026-09-20,Delivered
MA-0115,PRJ-0457,MAT-0486,3553,972,2027-01-16,Ordered
MA-0116,PRJ-0005,MAT-0448,16,14,2027-03-21,Pending
MA-0117,PRJ-0161,MAT-0022,2378,630,2026-10-25,Delivered
MA-0118,PRJ-0311,MAT-0288,3167,2051,2027-11-17,Used
MA-0119,PRJ-0305,MAT-0229,3783,3593,2027-02-12,Delivered
MA-0120,PRJ-0098,MAT-0352,1777,1418,2027-10-26,Pending
MA-0121,PRJ-0468,MAT-0478,4148,344,2026-09-09,Pending
MA-0122,PRJ-0056,MAT-0023,654,291,2026-11-12,Used
MA-0123,PRJ-0376,MAT-0050,420,375,2027-07-10,Ordered
MA-0124,PRJ-0249,MAT-0426,4216,4102,2028-01-27,Pending
MA-0125,PRJ-0276,MAT-0305,1706,78,2026-07-01,Used
MA-0126,PRJ-0337,MAT-0059,3171,995,2027-06-10,Pending
MA-0127,PRJ-0209,MAT-0496,4173,3875,2027-11-02,Delivered
MA-0128,PRJ-0046,MAT-0271,2903,1722,2026-11-27,Pending
MA-0129,PRJ-0180,MAT-0322,298,195,2027-01-14,Used
MA-0130,PRJ-0389,MAT-0286,4403,1313,2026-03-21,Used
MA-0131,PRJ-0091,MAT-0269,290,6,2027-09-30,Ordered
MA-0132,PRJ-0366,MAT-0250,1292,3,2026-06-27,Pending
MA-0133,PRJ-0345,MAT-0343,2388,1832,2027-11-22,Ordered
MA-0134,PRJ-0235,MAT-0108,2891,1720,2027-07-12,Pending
MA-0135,PRJ-0239,MAT-0265,1839,1489,2028-02-03,Pending
MA-0136,PRJ-0492,MAT-0274,1828,101,2027-03-21,Used
MA-0137,PRJ-0310,MAT-0228,4273,3041,2027-04-04,Delivered
MA-0138,PRJ-0178,MAT-0146,4987,4494,2027-11-30,Used
MA-0139,PRJ-0237,MAT-0457,660,266,2027-11-12,Used
MA-0140,PRJ-0135,MAT-0289,299,222,2026-06-16,Used
MA-0141,PRJ-0231,MAT-0191,570,345,2027-08-27,Used
MA-0142,PRJ-0458,MAT-0052,698,435,2026-07-30,Delivered
MA-0143,PRJ-0221,MAT-0024,2886,2739,2027-12-29,Delivered
MA-0144,PRJ-0421,MAT-0206,1707,621,2026-11-26,Pending
MA-0145,PRJ-0258,MAT-0025,3605,858,2026-03-23,Ordered
MA-0146,PRJ-0009,MAT-0369,275,68,2027-11-26,Delivered
MA-0147,PRJ-0220,MAT-0170,1762,491,2026-09-21,Used
MA-0148,PRJ-0361,MAT-0245,3959,3254,2026-12-05,Pending
MA-0149,PRJ-0347,MAT-0103,824,387,2026-12-14,Used
MA-0150,PRJ-0056,MAT-0304,1327,851,2026-08-20,Delivered
MA-0151,PRJ-0145,MAT-0281,3946,2757,2027-11-25,Pending
MA-0152,PRJ-0437,MAT-0053,1186,537,2027-08-05,Pending
MA-0153,PRJ-0071,MAT-0489,3081,1188,2027-06-09,Delivered
MA-0154,PRJ-0013,MAT-0337,483,175,2026-09-19,Pending
MA-0155,PRJ-0260,MAT-0382,308,288,2026-08-27,Ordered
MA-0156,PRJ-0291,MAT-0434,4073,1644,2026-10-31,Used
MA-0157,PRJ-0122,MAT-0267,4187,3918,2027-11-02,Delivered
MA-0158,PRJ-0194,MAT-0050,3219,878,2027-05-28,Ordered
MA-0159,PRJ-0409,MAT-0407,2320,1018,2026-03-10,Ordered
MA-0160,PRJ-0396,MAT-0344,496,14,2027-07-21,Pending
MA-0161,PRJ-0150,MAT-0115,2573,644,2027-02-03,Delivered
MA-0162,PRJ-0317,MAT-0480,1861,36,2027-07-28,Delivered
MA-0163,PRJ-0055,MAT-0225,4664,4639,2026-10-25,Used
MA-0164,PRJ-0161,MAT-0139,3395,3090,2026-12-06,Ordered
MA-0165,PRJ-0263,MAT-0318,4077,2839,2028-01-15,Delivered
MA-0166,PRJ-0052,MAT-0268,4971,3093,2026-04-02,Ordered
MA-0167,PRJ-0173,MAT-0080,3715,3186,2026-12-01,Used
MA-0168,PRJ-0029,MAT-0003,1369,260,2026-10-01,Pending
MA-0169,PRJ-0067,MAT-0115,2360,159,2026-09-29,Used
MA-0170,PRJ-0381,MAT-0240,3709,3494,2026-03-16,Ordered
MA-0171,PRJ-0185,MAT-0041,3032,2124,2026-11-13,Pending
MA-0172,PRJ-0423,MAT-0135,847,528,2027-06-21,Ordered
MA-0173,PRJ-0396,MAT-0442,4162,98,2027-08-30,Pending
MA-0174,PRJ-0212,MAT-0207,3543,177,2026-12-23,Pending
MA-0175,PRJ-0436,MAT-0093,1791,1186,2026-12-11,Used
MA-0176,PRJ-0270,MAT-0284,2417,1128,2026-09-02,Pending
MA-0177,PRJ-0299,MAT-0286,3136,793,2027-01-11,Pending
MA-0178,PRJ-0168,MAT-0072,3890,1601,2027-12-28,Delivered
MA-0179,PRJ-0425,MAT-0283,2318,1240,2027-07-28,Ordered
MA-0180,PRJ-0008,MAT-0075,1321,531,2027-07-07,Ordered
MA-0181,PRJ-0129,MAT-0275,4468,3218,2026-12-25,Pending
MA-0182,PRJ-0126,MAT-0445,3790,961,2027-10-01,Pending
MA-0183,PRJ-0154,MAT-0188,350,115,2027-01-03,Pending
MA-0184,PRJ-0468,MAT-0273,268,78,2026-07-24,Used
MA-0185,PRJ-0324,MAT-0301,1007,942,2027-01-20,Pending
MA-0186,PRJ-0310,MAT-0391,2046,1371,2027-06-03,Used
MA-0187,PRJ-0004,MAT-0197,708,25,2027-04-11,Used
MA-0188,PRJ-0477,MAT-0401,767,513,2027-07-16,Pending
MA-0189,PRJ-0426,MAT-0053,4762,1025,2027-05-13,Delivered
MA-0190,PRJ-0434,MAT-0486,3109,2694,2027-03-02,Ordered
MA-0191,PRJ-0455,MAT-0156,3992,1676,2027-04-07,Ordered
MA-0192,PRJ-0149,MAT-0033,380,112,2026-09-24,Pending
MA-0193,PRJ-0144,MAT-0048,1632,1547,2027-04-13,Pending
MA-0194,PRJ-0057,MAT-0484,4616,848,2026-10-07,Pending
MA-0195,PRJ-0486,MAT-0176,713,237,2026-05-22,Delivered
MA-0196,PRJ-0326,MAT-0060,3654,3579,2028-01-09,Pending
MA-0197,PRJ-0159,MAT-0160,3699,157,2026-08-14,Delivered
MA-0198,PRJ-0213,MAT-0001,4700,2251,2026-05-25,Used
MA-0199,PRJ-0233,MAT-0052,2434,2061,2026-12-20,Ordered
MA-0200,PRJ-0036,MAT-0012,1631,214,2026-04-18,Delivered
MA-0201,PRJ-0391,MAT-0467,3202,1113,2027-03-27,Used
MA-0202,PRJ-0065,MAT-0485,1259,937,2026-04-15,Used
MA-0203,PRJ-0308,MAT-0138,457,232,2027-01-26,Delivered
MA-0204,PRJ-0014,MAT-0114,1769,1756,2026-08-09,Delivered
MA-0205,PRJ-0133,MAT-0317,4766,4302,2026-10-24,Pending
MA-0206,PRJ-0310,MAT-0483,1891,505,2027-06-07,Pending
MA-0207,PRJ-0363,MAT-0118,3230,3062,2027-02-07,Delivered
MA-0208,PRJ-0046,MAT-0096,3323,1230,2026-09-21,Pending
MA-0209,PRJ-0427,MAT-0198,148,57,2027-04-26,Used
MA-0210,PRJ-0389,MAT-0415,3703,1436,2026-03-02,Pending
MA-0211,PRJ-0360,MAT-0331,4569,372,2026-11-24,Used
MA-0212,PRJ-0474,MAT-0486,3258,988,2026-02-21,Pending
MA-0213,PRJ-0042,MAT-0014,4383,3326,2027-06-19,Delivered
MA-0214,PRJ-0152,MAT-0209,785,169,2026-06-16,Ordered
MA-0215,PRJ-0203,MAT-0020,3192,1182,2027-03-29,Pending
MA-0216,PRJ-0144,MAT-0226,2390,2134,2027-05-26,Used
MA-0217,PRJ-0307,MAT-0154,4609,3101,2026-07-10,Delivered
MA-0218,PRJ-0261,MAT-0130,4243,568,2026-10-13,Pending
MA-0219,PRJ-0460,MAT-0333,2028,830,2027-07-14,Pending
MA-0220,PRJ-0028,MAT-0472,3745,3268,2027-05-28,Pending
MA-0221,PRJ-0386,MAT-0037,3651,1991,2027-10-08,Ordered
MA-0222,PRJ-0335,MAT-0247,2575,2351,2026-12-28,Ordered
MA-0223,PRJ-0415,MAT-0104,312,227,2027-01-29,Pending
MA-0224,PRJ-0057,MAT-0477,615,452,2026-09-11,Used
MA-0225,PRJ-0427,MAT-0027,309,142,2027-06-22,Pending
MA-0226,PRJ-0088,MAT-0473,770,274,2026-04-02,Delivered
MA-0227,PRJ-0045,MAT-0484,2931,1368,2026-08-30,Used
MA-0228,PRJ-0230,MAT-0144,1873,475,2027-03-08,Delivered
MA-0229,PRJ-0340,MAT-0290,3345,2872,2026-09-24,Delivered
MA-0230,PRJ-0482,MAT-0083,1884,1162,2027-12-07,Used
MA-0231,PRJ-0398,MAT-0349,227,209,2027-06-08,Ordered
MA-0232,PRJ-0185,MAT-0125,20,1,2026-10-11,Ordered
MA-0233,PRJ-0197,MAT-0321,3321,1425,2026-03-13,Used
MA-0234,PRJ-0368,MAT-0058,3922,2652,2026-05-27,Ordered
MA-0235,PRJ-0054,MAT-0233,1783,1163,2026-08-05,Used
MA-0236,PRJ-0356,MAT-0468,1277,559,2026-06-05,Used
MA-0237,PRJ-0368,MAT-0371,1257,401,2026-07-03,Delivered
MA-0238,PRJ-0434,MAT-0270,3091,1349,2027-02-28,Ordered
MA-0239,PRJ-0428,MAT-0319,1266,981,2028-02-23,Used
MA-0240,PRJ-0284,MAT-0233,767,267,2027-09-28,Pending
MA-0241,PRJ-0474,MAT-0491,1987,560,2026-04-24,Ordered
MA-0242,PRJ-0406,MAT-0064,3955,3757,2027-03-27,Used
MA-0243,PRJ-0226,MAT-0480,283,220,2026-05-28,Delivered
MA-0244,PRJ-0187,MAT-0287,839,489,2026-03-24,Delivered
MA-0245,PRJ-0237,MAT-0312,1036,242,2027-12-24,Pending
MA-0246,PRJ-0199,MAT-0070,2787,100,2027-09-02,Ordered
MA-0247,PRJ-0479,MAT-0449,3049,1077,2026-03-21,Delivered
MA-0248,PRJ-0206,MAT-0107,4864,4383,2027-06-27,Used
MA-0249,PRJ-0008,MAT-0053,2434,1342,2027-05-26,Used
MA-0250,PRJ-0003,MAT-0434,1900,1227,2028-01-27,Ordered
MA-0251,PRJ-0129,MAT-0339,1093,973,2027-02-28,Pending
MA-0252,PRJ-0371,MAT-0277,3246,1628,2028-04-04,Ordered
MA-0253,PRJ-0186,MAT-0165,1043,112,2026-11-27,Pending
MA-0254,PRJ-0319,MAT-0474,1432,797,2027-12-26,Pending
MA-0255,PRJ-0025,MAT-0342,667,113,2027-07-24,Pending
MA-0256,PRJ-0043,MAT-0419,2686,1737,2027-08-29,Used
MA-0257,PRJ-0037,MAT-0434,4805,3765,2026-10-23,Delivered
MA-0258,PRJ-0404,MAT-0130,4222,670,2027-09-26,Pending
MA-0259,PRJ-0438,MAT-0119,19,1,2027-08-28,Ordered
MA-0260,PRJ-0336,MAT-0392,1592,1087,2026-08-26,Used
MA-0261,PRJ-0427,MAT-0294,429,391,2027-07-01,Used
MA-0262,PRJ-0245,MAT-0066,1620,1380,2026-08-28,Pending
MA-0263,PRJ-0032,MAT-0136,2159,511,2027-01-20,Used
MA-0264,PRJ-0486,MAT-0322,2017,1286,2026-06-23,Delivered
MA-0265,PRJ-0497,MAT-0163,3442,287,2027-09-30,Ordered
MA-0266,PRJ-0065,MAT-0037,4354,1115,2026-03-22,Pending
MA-0267,PRJ-0211,MAT-0110,678,538,2026-04-30,Used
MA-0268,PRJ-0421,MAT-0148,1005,492,2026-12-14,Pending
MA-0269,PRJ-0327,MAT-0323,1839,1696,2027-03-16,Ordered
MA-0270,PRJ-0098,MAT-0212,2154,476,2027-11-29,Used
MA-0271,PRJ-0312,MAT-0123,3479,2075,2027-03-06,Delivered
MA-0272,PRJ-0468,MAT-0321,4851,541,2026-07-28,Used
MA-0273,PRJ-0223,MAT-0141,132,62,2026-04-12,Ordered
MA-0274,PRJ-0401,MAT-0296,564,233,2026-11-05,Ordered
MA-0275,PRJ-0176,MAT-0072,4381,1222,2027-09-10,Used
MA-0276,PRJ-0413,MAT-0233,843,179,2027-04-23,Ordered
MA-0277,PRJ-0237,MAT-0299,2140,1314,2027-10-15,Ordered
MA-0278,PRJ-0161,MAT-0095,3405,3119,2026-11-19,Delivered
MA-0279,PRJ-0155,MAT-0351,4271,2280,2028-01-04,Ordered
MA-0280,PRJ-0411,MAT-0472,3526,3140,2026-09-19,Used
MA-0281,PRJ-0260,MAT-0058,961,76,2026-07-22,Ordered
MA-0282,PRJ-0114,MAT-0024,3500,1054,2027-05-03,Pending
MA-0283,PRJ-0165,MAT-0288,4103,3923,2027-03-01,Delivered
MA-0284,PRJ-0163,MAT-0360,2858,2432,2026-07-28,Pending
MA-0285,PRJ-0395,MAT-0328,3193,2861,2026-06-23,Used
MA-0286,PRJ-0272,MAT-0246,437,87,2027-02-04,Pending
MA-0287,PRJ-0353,MAT-0078,139,68,2027-11-21,Ordered
MA-0288,PRJ-0240,MAT-0087,962,422,2027-10-29,Used
MA-0289,PRJ-0203,MAT-0372,194,55,2027-04-14,Ordered
MA-0290,PRJ-0166,MAT-0261,2442,296,2027-06-24,Pending
MA-0291,PRJ-0090,MAT-0319,2627,1411,2026-07-20,Used
MA-0292,PRJ-0240,MAT-0395,1872,1477,2027-12-04,Ordered
MA-0293,PRJ-0309,MAT-0426,2950,2002,2027-04-09,Delivered
MA-0294,PRJ-0391,MAT-0178,562,149,2027-03-19,Used
MA-0295,PRJ-0138,MAT-0350,709,75,2027-10-31,Used
MA-0296,PRJ-0346,MAT-0111,3217,1867,2026-05-27,Ordered
MA-0297,PRJ-0364,MAT-0271,3497,607,2026-04-30,Used
MA-0298,PRJ-0491,MAT-0335,3803,3534,2027-11-12,Pending
MA-0299,PRJ-0053,MAT-0083,2998,2275,2027-04-01,Ordered
MA-0300,PRJ-0106,MAT-0107,260,7,2026-05-02,Pending
MA-0301,PRJ-0186,MAT-0204,2051,131,2027-01-19,Ordered
MA-0302,PRJ-0296,MAT-0494,1370,1286,2027-03-24,Ordered
MA-0303,PRJ-0262,MAT-0239,1838,1717,2027-08-07,Pending
MA-0304,PRJ-0021,MAT-0455,3874,2797,2028-02-18,Ordered
MA-0305,PRJ-0043,MAT-0088,3625,940,2027-11-19,Used
MA-0306,PRJ-0181,MAT-0391,2390,2231,2026-12-27,Ordered
MA-0307,PRJ-0095,MAT-0002,3876,547,2027-12-07,Pending
MA-0308,PRJ-0316,MAT-0230,194,140,2027-08-24,Ordered
MA-0309,PRJ-0279,MAT-0241,2085,284,2026-07-22,Ordered
MA-0310,PRJ-0251,MAT-0314,3531,3121,2026-08-19,Used
MA-0311,PRJ-0168,MAT-0034,1296,1279,2028-01-12,Delivered
MA-0312,PRJ-0181,MAT-0170,758,700,2027-02-11,Pending
MA-0313,PRJ-0010,MAT-0490,2987,330,2026-12-03,Pending
MA-0314,PRJ-0317,MAT-0156,4415,2096,2027-08-25,Ordered
MA-0315,PRJ-0066,MAT-0220,1426,425,2026-04-05,Pending
MA-0316,PRJ-0007,MAT-0108,3437,43,2026-05-09,Ordered
MA-0317,PRJ-0067,MAT-0124,2649,156,2026-09-01,Ordered
MA-0318,PRJ-0002,MAT-0362,1569,1371,2027-04-12,Ordered
MA-0319,PRJ-0450,MAT-0420,2259,808,2028-02-28,Delivered
MA-0320,PRJ-0414,MAT-0105,4714,939,2027-10-09,Ordered
MA-0321,PRJ-0435,MAT-0490,4599,246,2027-01-31,Pending
MA-0322,PRJ-0447,MAT-0213,3257,905,2026-12-26,Used
MA-0323,PRJ-0431,MAT-0461,3502,2507,2027-09-22,Used
MA-0324,PRJ-0373,MAT-0347,2513,37,2027-07-07,Ordered
MA-0325,PRJ-0440,MAT-0001,2092,1531,2027-07-07,Delivered
MA-0326,PRJ-0033,MAT-0483,164,99,2026-04-05,Used
MA-0327,PRJ-0201,MAT-0136,4763,3803,2027-06-12,Pending
MA-0328,PRJ-0352,MAT-0280,2364,1188,2027-04-15,Delivered
MA-0329,PRJ-0283,MAT-0015,827,337,2028-03-16,Pending
MA-0330,PRJ-0251,MAT-0209,2462,584,2026-10-06,Used
MA-0331,PRJ-0426,MAT-0355,1402,1056,2027-02-09,Ordered
MA-0332,PRJ-0152,MAT-0050,984,367,2026-05-06,Delivered
MA-0333,PRJ-0419,MAT-0010,3351,2520,2027-04-21,Used
MA-0334,PRJ-0051,MAT-0375,1608,250,2028-02-07,Ordered
MA-0335,PRJ-0363,MAT-0170,3061,654,2027-02-18,Ordered
MA-0336,PRJ-0357,MAT-0084,1100,98,2026-06-27,Ordered
MA-0337,PRJ-0234,MAT-0332,3655,2604,2026-05-18,Ordered
MA-0338,PRJ-0180,MAT-0472,2230,234,2027-03-02,Delivered
MA-0339,PRJ-0255,MAT-0208,1438,696,2026-07-30,Ordered
MA-0340,PRJ-0306,MAT-0187,392,54,2026-10-15,Pending
MA-0341,PRJ-0469,MAT-0169,1313,664,2026-05-28,Used
MA-0342,PRJ-0428,MAT-0093,3802,1824,2028-02-29,Ordered
MA-0343,PRJ-0206,MAT-0021,1820,168,2027-05-26,Delivered
MA-0344,PRJ-0273,MAT-0301,163,60,2026-01-19,Delivered
MA-0345,PRJ-0466,MAT-0494,2948,2185,2026-11-22,Pending
MA-0346,PRJ-0362,MAT-0389,4867,3857,2026-03-12,Used
MA-0347,PRJ-0035,MAT-0410,2545,537,2026-08-20,Ordered
MA-0348,PRJ-0189,MAT-0491,2700,1208,2027-03-18,Delivered
MA-0349,PRJ-0306,MAT-0451,1493,92,2026-11-14,Delivered
MA-0350,PRJ-0289,MAT-0209,3638,1315,2027-09-08,Used
MA-0351,PRJ-0307,MAT-0311,733,109,2026-06-28,Ordered
MA-0352,PRJ-0403,MAT-0230,4863,4491,2026-08-09,Pending
MA-0353,PRJ-0363,MAT-0157,2724,1915,2027-01-12,Ordered
MA-0354,PRJ-0227,MAT-0448,2058,1331,2026-12-12,Pending
MA-0355,PRJ-0045,MAT-0200,14,8,2026-08-27,Delivered
MA-0356,PRJ-0496,MAT-0272,4683,3807,2027-02-16,Pending
MA-0357,PRJ-0450,MAT-0179,1385,371,2028-01-15,Ordered
MA-0358,PRJ-0104,MAT-0195,4283,3079,2026-04-08,Pending
MA-0359,PRJ-0469,MAT-0264,1613,557,2026-06-15,Used
MA-0360,PRJ-0349,MAT-0384,586,133,2026-12-26,Ordered
MA-0361,PRJ-0004,MAT-0352,4071,1150,2027-04-27,Pending
MA-0362,PRJ-0380,MAT-0060,2028,1496,2028-01-17,Used
MA-0363,PRJ-0296,MAT-0453,4879,1037,2027-04-20,Pending
MA-0364,PRJ-0325,MAT-0465,2699,1613,2027-12-21,Ordered
MA-0365,PRJ-0109,MAT-0267,3989,3064,2028-03-02,Delivered
MA-0366,PRJ-0452,MAT-0425,1202,1051,2027-01-25,Used
MA-0367,PRJ-0263,MAT-0334,869,559,2028-03-29,Delivered
MA-0368,PRJ-0398,MAT-0121,4723,3829,2027-07-01,Ordered
MA-0369,PRJ-0027,MAT-0365,4666,70,2026-10-04,Pending
MA-0370,PRJ-0241,MAT-0122,4076,2405,2026-02-25,Delivered
MA-0371,PRJ-0401,MAT-0142,2571,1894,2026-11-08,Delivered
MA-0372,PRJ-0446,MAT-0410,2547,1135,2027-06-22,Pending
MA-0373,PRJ-0232,MAT-0207,4773,1395,2027-01-01,Used
MA-0374,PRJ-0070,MAT-0198,2822,1166,2027-02-22,Ordered
MA-0375,PRJ-0153,MAT-0394,3712,3401,2026-12-31,Pending
MA-0376,PRJ-0353,MAT-0201,263,132,2027-11-03,Delivered
MA-0377,PRJ-0297,MAT-0334,4232,1714,2027-08-13,Delivered
MA-0378,PRJ-0489,MAT-0321,4660,443,2027-06-07,Used
MA-0379,PRJ-0187,MAT-0260,2584,1845,2026-04-28,Ordered
MA-0380,PRJ-0473,MAT-0345,4080,1351,2026-06-06,Pending
MA-0381,PRJ-0194,MAT-0245,4321,2534,2027-06-23,Delivered
MA-0382,PRJ-0347,MAT-0020,4014,3444,2027-01-08,Ordered
MA-0383,PRJ-0030,MAT-0227,811,703,2027-03-24,Used
MA-0384,PRJ-0491,MAT-0199,779,702,2027-12-08,Ordered
MA-0385,PRJ-0162,MAT-0337,219,164,2026-05-17,Pending
MA-0386,PRJ-0252,MAT-0261,4389,1785,2026-03-29,Ordered
MA-0387,PRJ-0077,MAT-0098,1626,1465,2027-08-16,Delivered
MA-0388,PRJ-0145,MAT-0007,1945,1851,2027-11-30,Used
MA-0389,PRJ-0298,MAT-0301,4958,2785,2027-12-26,Delivered
MA-0390,PRJ-0350,MAT-0393,364,95,2026-03-19,Pending
MA-0391,PRJ-0392,MAT-0493,1142,804,2026-08-31,Ordered
MA-0392,PRJ-0082,MAT-0235,1958,642,2026-10-11,Delivered
MA-0393,PRJ-0415,MAT-0061,2342,1845,2026-12-12,Delivered
MA-0394,PRJ-0305,MAT-0354,449,96,2027-02-20,Ordered
MA-0395,PRJ-0126,MAT-0138,3959,1995,2027-08-12,Delivered
MA-0396,PRJ-0218,MAT-0406,2711,136,2028-01-02,Ordered
MA-0397,PRJ-0364,MAT-0183,2581,1507,2026-04-29,Used
MA-0398,PRJ-0022,MAT-0468,1228,75,2026-12-18,Used
MA-0399,PRJ-0059,MAT-0241,2070,301,2026-10-01,Used
MA-0400,PRJ-0499,MAT-0159,2184,1476,2027-03-09,Delivered
MA-0401,PRJ-0410,MAT-0241,3218,455,2027-11-09,Ordered
MA-0402,PRJ-0056,MAT-0283,4627,2042,2026-10-30,Pending
MA-0403,PRJ-0490,MAT-0326,1218,978,2026-07-14,Pending
MA-0404,PRJ-0432,MAT-0215,2671,121,2027-02-13,Used
MA-0405,PRJ-0053,MAT-0464,1270,345,2027-03-14,Ordered
MA-0406,PRJ-0336,MAT-0364,226,93,2026-09-06,Delivered
MA-0407,PRJ-0146,MAT-0215,4576,2889,2027-04-13,Pending
MA-0408,PRJ-0480,MAT-0132,3049,1514,2026-11-05,Delivered
MA-0409,PRJ-0298,MAT-0171,428,64,2028-01-31,Ordered
MA-0410,PRJ-0362,MAT-0171,3521,27,2026-04-29,Used
MA-0411,PRJ-0250,MAT-0394,4424,2552,2027-12-26,Ordered
MA-0412,PRJ-0331,MAT-0071,4008,1679,2027-03-02,Pending
MA-0413,PRJ-0135,MAT-0348,3377,144,2026-05-02,Ordered
MA-0414,PRJ-0356,MAT-0380,2010,819,2026-06-13,Used
MA-0415,PRJ-0370,MAT-0339,1174,868,2026-07-21,Pending
MA-0416,PRJ-0095,MAT-0485,1515,306,2027-12-14,Used
MA-0417,PRJ-0192,MAT-0486,2772,2771,2026-01-22,Used
MA-0418,PRJ-0054,MAT-0235,4970,304,2026-08-22,Used
MA-0419,PRJ-0013,MAT-0470,559,348,2026-11-07,Pending
MA-0420,PRJ-0089,MAT-0020,467,106,2027-10-24,Ordered
MA-0421,PRJ-0130,MAT-0159,281,234,2026-11-15,Used
MA-0422,PRJ-0458,MAT-0084,948,391,2026-07-15,Pending
MA-0423,PRJ-0283,MAT-0333,1596,1404,2028-01-13,Ordered
MA-0424,PRJ-0302,MAT-0377,604,161,2027-11-24,Used
MA-0425,PRJ-0401,MAT-0333,1211,230,2026-08-13,Delivered
MA-0426,PRJ-0115,MAT-0013,3945,348,2027-04-16,Ordered
MA-0427,PRJ-0471,MAT-0214,355,28,2026-04-22,Ordered
MA-0428,PRJ-0453,MAT-0075,4195,1910,2027-02-27,Used
MA-0429,PRJ-0228,MAT-0384,2301,744,2027-03-28,Pending
MA-0430,PRJ-0162,MAT-0147,4594,2655,2026-04-29,Used
MA-0431,PRJ-0405,MAT-0086,4495,1190,2026-07-08,Used
MA-0432,PRJ-0100,MAT-0078,1310,1061,2026-12-11,Pending
MA-0433,PRJ-0492,MAT-0041,1381,863,2027-02-24,Pending
MA-0434,PRJ-0462,MAT-0150,2129,1703,2027-04-28,Used
MA-0435,PRJ-0188,MAT-0258,4758,2654,2026-07-01,Delivered
MA-0436,PRJ-0252,MAT-0210,117,108,2026-04-21,Used
MA-0437,PRJ-0420,MAT-0355,169,165,2026-12-22,Delivered
MA-0438,PRJ-0226,MAT-0080,2115,1403,2026-06-19,Delivered
MA-0439,PRJ-0237,MAT-0112,3721,2253,2027-11-22,Delivered
MA-0440,PRJ-0241,MAT-0254,4494,4393,2026-02-22,Pending
MA-0441,PRJ-0227,MAT-0002,4974,2233,2026-10-28,Delivered
MA-0442,PRJ-0246,MAT-0240,3763,3176,2027-08-17,Used
MA-0443,PRJ-0045,MAT-0073,4220,4097,2026-09-01,Used
MA-0444,PRJ-0489,MAT-0472,1264,1117,2027-05-18,Ordered
MA-0445,PRJ-0205,MAT-0268,512,139,2026-05-27,Ordered
MA-0446,PRJ-0458,MAT-0206,593,386,2026-07-24,Pending
MA-0447,PRJ-0225,MAT-0014,20,10,2026-04-10,Used
MA-0448,PRJ-0039,MAT-0331,4236,3475,2026-10-02,Delivered
MA-0449,PRJ-0199,MAT-0374,3268,2223,2027-09-17,Pending
MA-0450,PRJ-0407,MAT-0104,618,411,2026-07-29,Delivered
MA-0451,PRJ-0242,MAT-0497,4738,3012,2027-12-09,Pending
MA-0452,PRJ-0074,MAT-0239,4782,4290,2027-10-08,Pending
MA-0453,PRJ-0451,MAT-0090,2160,546,2027-10-05,Delivered
MA-0454,PRJ-0122,MAT-0192,2222,340,2027-12-06,Pending
MA-0455,PRJ-0044,MAT-0296,4957,701,2026-10-21,Delivered
MA-0456,PRJ-0285,MAT-0011,4288,3604,2027-04-26,Pending
MA-0457,PRJ-0242,MAT-0001,4224,3279,2027-11-20,Pending
MA-0458,PRJ-0188,MAT-0088,332,245,2026-08-12,Pending
MA-0459,PRJ-0371,MAT-0486,459,241,2028-02-05,Pending
MA-0460,PRJ-0146,MAT-0116,1852,869,2027-05-22,Delivered
MA-0461,PRJ-0375,MAT-0227,4901,3107,2026-05-17,Ordered
MA-0462,PRJ-0332,MAT-0467,2415,1688,2027-09-07,Pending
MA-0463,PRJ-0168,MAT-0499,561,93,2027-10-15,Pending
MA-0464,PRJ-0027,MAT-0347,3851,208,2026-07-27,Used
MA-0465,PRJ-0285,MAT-0378,2976,115,2027-07-27,Ordered
MA-0466,PRJ-0007,MAT-0191,403,76,2026-04-26,Delivered
MA-0467,PRJ-0290,MAT-0243,1349,1283,2026-03-20,Ordered
MA-0468,PRJ-0017,MAT-0042,107,86,2027-06-26,Used
MA-0469,PRJ-0187,MAT-0464,4950,3877,2026-03-29,Used
MA-0470,PRJ-0346,MAT-0355,2744,2621,2026-06-24,Used
MA-0471,PRJ-0165,MAT-0305,3707,3064,2027-03-30,Delivered
MA-0472,PRJ-0426,MAT-0390,1378,709,2027-02-28,Used
MA-0473,PRJ-0340,MAT-0348,2122,678,2026-08-19,Delivered
MA-0474,PRJ-0043,MAT-0208,2338,462,2027-10-03,Ordered
MA-0475,PRJ-0226,MAT-0150,332,187,2026-06-08,Ordered
MA-0476,PRJ-0123,MAT-0235,1892,1778,2027-09-08,Used
MA-0477,PRJ-0408,MAT-0385,3249,3037,2027-11-08,Used
MA-0478,PRJ-0195,MAT-0274,953,761,2027-06-10,Used
MA-0479,PRJ-0393,MAT-0470,49,33,2027-05-28,Delivered
MA-0480,PRJ-0255,MAT-0393,734,468,2026-06-03,Pending
MA-0481,PRJ-0410,MAT-0186,4277,2443,2027-10-20,Used
MA-0482,PRJ-0265,MAT-0261,655,281,2027-05-06,Pending
MA-0483,PRJ-0264,MAT-0030,1742,1678,2027-01-14,Used
MA-0484,PRJ-0088,MAT-0146,379,345,2026-04-11,Used
MA-0485,PRJ-0131,MAT-0136,2719,109,2026-10-31,Used
MA-0486,PRJ-0108,MAT-0094,2127,1531,2026-11-24,Ordered
MA-0487,PRJ-0163,MAT-0075,3625,3017,2026-07-17,Pending
MA-0488,PRJ-0050,MAT-0462,964,92,2027-02-14,Pending
MA-0489,PRJ-0467,MAT-0359,4254,3046,2028-03-05,Pending
MA-0490,PRJ-0493,MAT-0274,2060,1680,2028-01-31,Used
MA-0491,PRJ-0460,MAT-0262,4547,2633,2027-09-15,Ordered
MA-0492,PRJ-0420,MAT-0085,635,248,2026-12-13,Used
MA-0493,PRJ-0061,MAT-0257,1727,107,2027-08-24,Used
MA-0494,PRJ-0371,MAT-0356,1636,1332,2028-02-04,Pending
MA-0495,PRJ-0450,MAT-0389,336,79,2028-01-19,Used
MA-0496,PRJ-0136,MAT-0080,2845,2523,2026-08-10,Ordered
MA-0497,PRJ-0005,MAT-0172,2728,1214,2027-04-04,Ordered
MA-0498,PRJ-0422,MAT-0295,4245,3967,2026-12-08,Pending
MA-0499,PRJ-0368,MAT-0313,1164,131,2026-07-05,Delivered
MA-0500,PRJ-0241,MAT-0498,2102,1147,2026-03-18,Delivered
