vehicle_allocation_id,project_id,vehicle_id,start_date,end_date,purpose,allocation_status
VA-0001,PRJ-0001,VEH-0001,2026-01-10,2026-01-15,Material Delivery,Scheduled
VA-0002,PRJ-0002,VEH-0001,2026-01-13,2026-01-20,Equipment Transport,Scheduled
VA-0003,PRJ-0471,VEH-0130,2026-03-25,2026-04-11,Foundation,Scheduled
VA-0004,PRJ-0135,VEH-0221,2026-05-04,2026-05-20,Foundation,Active
VA-0005,PRJ-0173,VEH-0275,2026-10-24,2026-11-03,Electrical Installation,Scheduled
VA-0006,PRJ-0319,VEH-0427,2028-02-15,2028-02-22,Plumbing Installation,Active
VA-0007,PRJ-0443,VEH-0483,2026-10-11,2026-10-26,Finishing,Completed
VA-0008,PRJ-0266,VEH-0333,2026-12-21,2027-01-06,Finishing,Completed
VA-0009,PRJ-0269,VEH-0237,2027-06-04,2027-06-21,Electrical Installation,Active
VA-0010,PRJ-0143,VEH-0169,2026-07-30,2026-08-09,Roofing,Active
VA-0011,PRJ-0495,VEH-0036,2027-11-20,2027-11-30,Site Preparation,Scheduled
VA-0012,PRJ-0471,VEH-0313,2026-04-10,2026-04-16,Site Cleanup,Completed
VA-0013,PRJ-0355,VEH-0110,2028-01-09,2028-01-11,Site Cleanup,Active
VA-0014,PRJ-0493,VEH-0309,2027-12-03,2027-12-10,Site Cleanup,Active
VA-0015,PRJ-0171,VEH-0340,2026-11-24,2026-12-14,Structural Framing,Active
VA-0016,PRJ-0193,VEH-0459,2026-11-07,2026-11-25,Finishing,Scheduled
VA-0017,PRJ-0057,VEH-0079,2026-10-21,2026-10-31,Painting,Active
VA-0018,PRJ-0404,VEH-0151,2027-10-09,2027-10-18,Plumbing Installation,Completed
VA-0019,PRJ-0404,VEH-0343,2027-10-01,2027-10-16,Excavation,Scheduled
VA-0020,PRJ-0185,VEH-0210,2026-10-07,2026-10-21,Foundation,Completed
VA-0021,PRJ-0068,VEH-0360,2026-07-08,2026-07-17,Site Preparation,Active
VA-0022,PRJ-0015,VEH-0337,2026-02-07,2026-02-19,Finishing,Active
VA-0023,PRJ-0266,VEH-0016,2027-01-06,2027-01-18,Structural Framing,Scheduled
VA-0024,PRJ-0194,VEH-0018,2027-06-04,2027-06-10,Roofing,Completed
VA-0025,PRJ-0473,VEH-0154,2026-04-29,2026-05-08,Site Preparation,Scheduled
VA-0026,PRJ-0429,VEH-0226,2027-03-17,2027-03-24,Inspection,Completed
VA-0027,PRJ-0385,VEH-0466,2027-09-22,2027-09-26,Painting,Active
VA-0028,PRJ-0326,VEH-0333,2027-11-05,2027-11-16,Concrete Works,Active
VA-0029,PRJ-0447,VEH-0448,2027-01-02,2027-01-17,Structural Framing,Scheduled
VA-0030,PRJ-0410,VEH-0413,2027-08-09,2027-08-15,Inspection,Scheduled
VA-0031,PRJ-0108,VEH-0279,2026-10-02,2026-10-04,Roofing,Completed
VA-0032,PRJ-0434,VEH-0096,2027-01-10,2027-01-27,Painting,Scheduled
VA-0033,PRJ-0464,VEH-0203,2027-01-29,2027-02-02,Electrical Installation,Completed
VA-0034,PRJ-0452,VEH-0153,2027-01-01,2027-01-19,Electrical Installation,Completed
VA-0035,PRJ-0206,VEH-0193,2027-04-14,2027-04-27,Plumbing Installation,Active
VA-0036,PRJ-0363,VEH-0427,2026-12-09,2026-12-13,Painting,Scheduled
VA-0037,PRJ-0085,VEH-0322,2028-02-13,2028-03-03,Inspection,Completed
VA-0038,PRJ-0091,VEH-0174,2027-08-08,2027-08-12,Foundation,Completed
VA-0039,PRJ-0268,VEH-0361,2026-11-24,2026-12-08,Plumbing Installation,Completed
VA-0040,PRJ-0022,VEH-0467,2027-02-10,2027-02-22,Finishing,Active
VA-0041,PRJ-0200,VEH-0302,2027-06-12,2027-06-30,Concrete Works,Scheduled
VA-0042,PRJ-0275,VEH-0257,2026-12-19,2026-12-26,Site Cleanup,Completed
VA-0043,PRJ-0147,VEH-0230,2026-07-05,2026-07-08,Electrical Installation,Scheduled
VA-0044,PRJ-0023,VEH-0125,2027-10-14,2027-10-23,Inspection,Scheduled
VA-0045,PRJ-0418,VEH-0316,2027-03-30,2027-04-18,Roofing,Scheduled
VA-0046,PRJ-0406,VEH-0376,2027-02-26,2027-03-05,Structural Framing,Completed
VA-0047,PRJ-0082,VEH-0470,2026-07-16,2026-07-24,Plumbing Installation,Active
VA-0048,PRJ-0268,VEH-0224,2026-11-08,2026-11-14,Roofing,Completed
VA-0049,PRJ-0247,VEH-0280,2026-11-15,2026-11-21,Plumbing Installation,Completed
VA-0050,PRJ-0360,VEH-0340,2026-11-29,2026-12-11,Foundation,Active
VA-0051,PRJ-0074,VEH-0271,2027-10-13,2027-10-27,Site Preparation,Completed
VA-0052,PRJ-0125,VEH-0077,2027-08-09,2027-08-27,Roofing,Active
VA-0053,PRJ-0288,VEH-0116,2027-07-08,2027-07-18,Roofing,Scheduled
VA-0054,PRJ-0490,VEH-0381,2026-04-19,2026-05-04,Foundation,Completed
VA-0055,PRJ-0275,VEH-0117,2026-12-15,2026-12-24,Concrete Works,Completed
VA-0056,PRJ-0325,VEH-0178,2028-02-05,2028-02-18,Roofing,Scheduled
VA-0057,PRJ-0176,VEH-0457,2027-07-18,2027-07-25,Structural Framing,Completed
VA-0058,PRJ-0067,VEH-0440,2026-10-03,2026-10-19,Roofing,Completed
VA-0059,PRJ-0366,VEH-0393,2026-03-29,2026-04-01,Concrete Works,Active
VA-0060,PRJ-0110,VEH-0174,2027-10-09,2027-10-22,Site Cleanup,Completed
VA-0061,PRJ-0241,VEH-0112,2026-01-23,2026-01-29,Roofing,Scheduled
VA-0062,PRJ-0382,VEH-0326,2026-05-09,2026-05-15,Foundation,Completed
VA-0063,PRJ-0177,VEH-0418,2027-02-10,2027-02-26,Site Preparation,Active
VA-0064,PRJ-0364,VEH-0084,2026-05-05,2026-05-15,Site Preparation,Completed
VA-0065,PRJ-0498,VEH-0079,2026-06-06,2026-06-18,Electrical Installation,Active
VA-0066,PRJ-0466,VEH-0211,2026-10-22,2026-10-31,Finishing,Active
VA-0067,PRJ-0457,VEH-0469,2027-01-05,2027-01-08,Concrete Works,Scheduled
VA-0068,PRJ-0054,VEH-0213,2026-07-28,2026-08-16,Painting,Scheduled
VA-0069,PRJ-0185,VEH-0404,2026-10-09,2026-10-24,Inspection,Active
VA-0070,PRJ-0205,VEH-0446,2026-05-03,2026-05-19,Structural Framing,Completed
VA-0071,PRJ-0201,VEH-0431,2027-08-01,2027-08-13,Plumbing Installation,Completed
VA-0072,PRJ-0006,VEH-0153,2026-05-25,2026-06-12,Inspection,Active
VA-0073,PRJ-0383,VEH-0344,2027-09-01,2027-09-18,Site Cleanup,Scheduled
VA-0074,PRJ-0107,VEH-0096,2026-03-16,2026-03-23,Finishing,Scheduled
VA-0075,PRJ-0494,VEH-0354,2027-05-20,2027-05-31,Painting,Completed
VA-0076,PRJ-0170,VEH-0181,2027-12-07,2027-12-23,Site Cleanup,Active
VA-0077,PRJ-0015,VEH-0006,2026-02-23,2026-03-10,Foundation,Scheduled
VA-0078,PRJ-0347,VEH-0315,2026-10-28,2026-11-09,Finishing,Completed
VA-0079,PRJ-0347,VEH-0432,2026-10-29,2026-11-05,Plumbing Installation,Active
VA-0080,PRJ-0017,VEH-0250,2027-06-30,2027-07-02,Inspection,Completed
VA-0081,PRJ-0305,VEH-0166,2027-02-16,2027-02-19,Excavation,Scheduled
VA-0082,PRJ-0484,VEH-0368,2026-12-08,2026-12-17,Structural Framing,Completed
VA-0083,PRJ-0262,VEH-0015,2027-08-30,2027-09-04,Structural Framing,Completed
VA-0084,PRJ-0485,VEH-0259,2026-04-22,2026-04-26,Plumbing Installation,Scheduled
VA-0085,PRJ-0279,VEH-0115,2026-06-12,2026-06-25,Plumbing Installation,Completed
VA-0086,PRJ-0320,VEH-0028,2027-10-10,2027-10-29,Excavation,Scheduled
VA-0087,PRJ-0277,VEH-0345,2027-05-24,2027-05-29,Electrical Installation,Scheduled
VA-0088,PRJ-0106,VEH-0235,2026-03-11,2026-03-19,Electrical Installation,Active
VA-0089,PRJ-0235,VEH-0011,2027-06-14,2027-06-30,Roofing,Scheduled
VA-0090,PRJ-0262,VEH-0393,2027-08-15,2027-08-19,Electrical Installation,Active
VA-0091,PRJ-0188,VEH-0312,2026-07-11,2026-07-24,Roofing,Completed
VA-0092,PRJ-0470,VEH-0298,2027-10-28,2027-11-08,Electrical Installation,Active
VA-0093,PRJ-0175,VEH-0291,2026-05-07,2026-05-27,Electrical Installation,Active
VA-0094,PRJ-0014,VEH-0457,2026-07-04,2026-07-16,Inspection,Scheduled
VA-0095,PRJ-0353,VEH-0323,2027-10-27,2027-11-02,Finishing,Completed
VA-0096,PRJ-0324,VEH-0043,2027-01-15,2027-01-20,Concrete Works,Completed
VA-0097,PRJ-0187,VEH-0449,2026-04-20,2026-05-01,Excavation,Completed
VA-0098,PRJ-0115,VEH-0320,2027-04-18,2027-04-25,Site Cleanup,Active
VA-0099,PRJ-0068,VEH-0379,2026-07-04,2026-07-17,Foundation,Scheduled
VA-0100,PRJ-0483,VEH-0233,2026-08-06,2026-08-24,Inspection,Completed
VA-0101,PRJ-0084,VEH-0397,2027-12-29,2028-01-02,Plumbing Installation,Completed
VA-0102,PRJ-0161,VEH-0050,2026-12-12,2026-12-16,Finishing,Completed
VA-0103,PRJ-0364,VEH-0095,2026-03-21,2026-04-01,Electrical Installation,Active
VA-0104,PRJ-0152,VEH-0364,2026-05-24,2026-06-05,Foundation,Scheduled
VA-0105,PRJ-0412,VEH-0105,2026-03-13,2026-03-19,Roofing,Completed
VA-0106,PRJ-0198,VEH-0392,2026-10-13,2026-10-23,Roofing,Scheduled
VA-0107,PRJ-0014,VEH-0263,2026-07-29,2026-08-17,Foundation,Active
VA-0108,PRJ-0487,VEH-0030,2027-10-08,2027-10-21,Inspection,Scheduled
VA-0109,PRJ-0089,VEH-0371,2027-10-09,2027-10-13,Foundation,Completed
VA-0110,PRJ-0146,VEH-0450,2027-03-31,2027-04-02,Site Cleanup,Completed
VA-0111,PRJ-0089,VEH-0299,2027-08-23,2027-09-07,Structural Framing,Active
VA-0112,PRJ-0330,VEH-0428,2026-09-09,2026-09-11,Finishing,Active
VA-0113,PRJ-0047,VEH-0091,2027-06-07,2027-06-11,Painting,Scheduled
VA-0114,PRJ-0186,VEH-0368,2026-12-08,2026-12-15,Electrical Installation,Active
VA-0115,PRJ-0293,VEH-0163,2027-07-06,2027-07-26,Site Preparation,Completed
VA-0116,PRJ-0014,VEH-0145,2026-08-11,2026-08-28,Finishing,Active
VA-0117,PRJ-0046,VEH-0070,2026-11-02,2026-11-11,Foundation,Active
VA-0118,PRJ-0155,VEH-0209,2027-09-29,2027-10-03,Painting,Completed
VA-0119,PRJ-0045,VEH-0489,2026-08-05,2026-08-10,Structural Framing,Active
VA-0120,PRJ-0380,VEH-0494,2027-12-21,2027-12-30,Concrete Works,Completed
VA-0121,PRJ-0364,VEH-0188,2026-04-15,2026-04-19,Structural Framing,Scheduled
VA-0122,PRJ-0308,VEH-0393,2026-12-08,2026-12-23,Site Cleanup,Scheduled
VA-0123,PRJ-0457,VEH-0237,2027-01-03,2027-01-22,Plumbing Installation,Scheduled
VA-0124,PRJ-0096,VEH-0253,2027-12-20,2027-12-31,Foundation,Scheduled
VA-0125,PRJ-0394,VEH-0060,2027-02-05,2027-02-07,Foundation,Completed
VA-0126,PRJ-0045,VEH-0453,2026-07-30,2026-08-07,Painting,Scheduled
VA-0127,PRJ-0115,VEH-0021,2027-04-01,2027-04-12,Finishing,Active
VA-0128,PRJ-0287,VEH-0018,2026-09-03,2026-09-21,Finishing,Scheduled
VA-0129,PRJ-0285,VEH-0280,2027-06-06,2027-06-24,Site Cleanup,Scheduled
VA-0130,PRJ-0297,VEH-0195,2027-07-09,2027-07-24,Concrete Works,Active
VA-0131,PRJ-0081,VEH-0097,2026-08-13,2026-09-02,Excavation,Completed
VA-0132,PRJ-0295,VEH-0445,2027-09-08,2027-09-11,Painting,Scheduled
VA-0133,PRJ-0036,VEH-0344,2026-03-29,2026-04-06,Electrical Installation,Active
VA-0134,PRJ-0494,VEH-0288,2027-06-25,2027-07-03,Excavation,Active
VA-0135,PRJ-0492,VEH-0078,2026-12-27,2027-01-11,Inspection,Active
VA-0136,PRJ-0251,VEH-0028,2026-08-12,2026-08-16,Roofing,Scheduled
VA-0137,PRJ-0006,VEH-0440,2026-06-18,2026-06-26,Site Cleanup,Completed
VA-0138,PRJ-0462,VEH-0289,2027-02-02,2027-02-07,Painting,Active
VA-0139,PRJ-0149,VEH-0019,2026-09-11,2026-09-13,Excavation,Scheduled
VA-0140,PRJ-0370,VEH-0106,2026-06-29,2026-07-06,Site Preparation,Scheduled
VA-0141,PRJ-0140,VEH-0488,2027-09-22,2027-10-02,Finishing,Active
VA-0142,PRJ-0221,VEH-0015,2027-11-13,2027-11-17,Concrete Works,Completed
VA-0143,PRJ-0244,VEH-0395,2027-06-05,2027-06-18,Site Preparation,Completed
VA-0144,PRJ-0254,VEH-0233,2027-11-10,2027-11-16,Electrical Installation,Completed
VA-0145,PRJ-0441,VEH-0335,2027-09-22,2027-09-28,Structural Framing,Scheduled
VA-0146,PRJ-0423,VEH-0194,2027-05-20,2027-05-28,Excavation,Active
VA-0147,PRJ-0014,VEH-0428,2026-06-25,2026-07-12,Inspection,Completed
VA-0148,PRJ-0373,VEH-0040,2027-06-11,2027-06-14,Electrical Installation,Completed
VA-0149,PRJ-0387,VEH-0226,2028-01-27,2028-01-29,Structural Framing,Completed
VA-0150,PRJ-0314,VEH-0195,2026-08-25,2026-09-02,Site Preparation,Active
VA-0151,PRJ-0205,VEH-0446,2026-04-21,2026-04-23,Site Preparation,Active
VA-0152,PRJ-0305,VEH-0312,2027-02-20,2027-03-06,Finishing,Active
VA-0153,PRJ-0204,VEH-0352,2027-04-18,2027-04-27,Site Cleanup,Scheduled
VA-0154,PRJ-0393,VEH-0127,2027-05-01,2027-05-17,Site Preparation,Scheduled
VA-0155,PRJ-0253,VEH-0056,2026-12-10,2026-12-22,Painting,Scheduled
VA-0156,PRJ-0401,VEH-0014,2026-09-19,2026-10-06,Excavation,Active
VA-0157,PRJ-0336,VEH-0025,2026-08-23,2026-09-07,Structural Framing,Scheduled
VA-0158,PRJ-0094,VEH-0111,2026-04-13,2026-04-21,Site Preparation,Active
VA-0159,PRJ-0173,VEH-0456,2026-11-24,2026-12-11,Concrete Works,Active
VA-0160,PRJ-0452,VEH-0357,2027-01-13,2027-01-31,Painting,Scheduled
VA-0161,PRJ-0320,VEH-0449,2027-10-31,2027-11-07,Structural Framing,Active
VA-0162,PRJ-0172,VEH-0308,2026-04-14,2026-04-16,Finishing,Active
VA-0163,PRJ-0096,VEH-0073,2028-01-07,2028-01-19,Painting,Completed
VA-0164,PRJ-0073,VEH-0352,2026-05-21,2026-06-09,Electrical Installation,Completed
VA-0165,PRJ-0141,VEH-0183,2026-06-21,2026-06-26,Structural Framing,Completed
VA-0166,PRJ-0394,VEH-0059,2027-03-25,2027-04-14,Plumbing Installation,Scheduled
VA-0167,PRJ-0494,VEH-0110,2027-07-07,2027-07-18,Painting,Scheduled
VA-0168,PRJ-0399,VEH-0385,2027-09-19,2027-10-04,Roofing,Completed
VA-0169,PRJ-0288,VEH-0466,2027-05-29,2027-06-17,Site Cleanup,Active
VA-0170,PRJ-0101,VEH-0203,2026-04-08,2026-04-28,Inspection,Scheduled
VA-0171,PRJ-0075,VEH-0488,2026-08-07,2026-08-26,Site Preparation,Scheduled
VA-0172,PRJ-0133,VEH-0356,2026-09-12,2026-09-27,Concrete Works,Active
VA-0173,PRJ-0187,VEH-0266,2026-03-14,2026-03-29,Plumbing Installation,Active
VA-0174,PRJ-0265,VEH-0221,2027-05-19,2027-06-05,Site Cleanup,Active
VA-0175,PRJ-0051,VEH-0202,2028-01-10,2028-01-27,Excavation,Scheduled
VA-0176,PRJ-0020,VEH-0205,2027-09-28,2027-10-03,Roofing,Active
VA-0177,PRJ-0177,VEH-0456,2026-12-23,2027-01-12,Roofing,Active
VA-0178,PRJ-0205,VEH-0020,2026-03-30,2026-04-09,Electrical Installation,Completed
VA-0179,PRJ-0155,VEH-0003,2027-10-31,2027-11-05,Excavation,Completed
VA-0180,PRJ-0398,VEH-0138,2027-05-28,2027-06-01,Electrical Installation,Active
VA-0181,PRJ-0092,VEH-0279,2027-06-27,2027-07-08,Site Cleanup,Scheduled
VA-0182,PRJ-0360,VEH-0195,2026-12-07,2026-12-11,Excavation,Active
VA-0183,PRJ-0276,VEH-0196,2026-06-03,2026-06-08,Concrete Works,Active
VA-0184,PRJ-0470,VEH-0016,2027-11-10,2027-11-18,Plumbing Installation,Scheduled
VA-0185,PRJ-0046,VEH-0265,2026-10-20,2026-10-27,Plumbing Installation,Completed
VA-0186,PRJ-0384,VEH-0012,2027-01-20,2027-02-01,Electrical Installation,Active
VA-0187,PRJ-0364,VEH-0323,2026-04-02,2026-04-16,Electrical Installation,Active
VA-0188,PRJ-0090,VEH-0380,2026-05-22,2026-06-09,Structural Framing,Active
VA-0189,PRJ-0260,VEH-0386,2026-06-29,2026-07-08,Roofing,Active
VA-0190,PRJ-0046,VEH-0137,2026-11-02,2026-11-04,Structural Framing,Active
VA-0191,PRJ-0450,VEH-0410,2028-02-13,2028-02-23,Inspection,Completed
VA-0192,PRJ-0162,VEH-0144,2026-03-19,2026-04-08,Electrical Installation,Completed
VA-0193,PRJ-0211,VEH-0404,2026-02-23,2026-02-25,Site Preparation,Scheduled
VA-0194,PRJ-0004,VEH-0436,2027-03-14,2027-03-18,Finishing,Active
VA-0195,PRJ-0330,VEH-0071,2026-07-30,2026-08-16,Foundation,Scheduled
VA-0196,PRJ-0496,VEH-0268,2027-03-08,2027-03-28,Roofing,Active
VA-0197,PRJ-0352,VEH-0065,2027-02-18,2027-02-23,Inspection,Completed
VA-0198,PRJ-0495,VEH-0393,2027-12-03,2027-12-11,Plumbing Installation,Completed
VA-0199,PRJ-0119,VEH-0274,2028-01-04,2028-01-07,Finishing,Active
VA-0200,PRJ-0429,VEH-0348,2027-03-14,2027-03-30,Site Preparation,Completed
VA-0201,PRJ-0100,VEH-0133,2026-09-15,2026-10-05,Excavation,Active
VA-0202,PRJ-0350,VEH-0471,2026-04-18,2026-05-01,Site Preparation,Completed
VA-0203,PRJ-0059,VEH-0036,2026-09-19,2026-10-04,Site Cleanup,Active
VA-0204,PRJ-0439,VEH-0457,2026-10-31,2026-11-02,Structural Framing,Active
VA-0205,PRJ-0418,VEH-0271,2027-04-05,2027-04-15,Painting,Active
VA-0206,PRJ-0097,VEH-0447,2027-08-28,2027-09-14,Roofing,Scheduled
VA-0207,PRJ-0008,VEH-0354,2027-05-06,2027-05-13,Roofing,Completed
VA-0208,PRJ-0170,VEH-0365,2027-12-15,2028-01-04,Electrical Installation,Completed
VA-0209,PRJ-0064,VEH-0157,2026-10-15,2026-10-22,Finishing,Active
VA-0210,PRJ-0131,VEH-0146,2026-09-28,2026-10-12,Plumbing Installation,Completed
VA-0211,PRJ-0169,VEH-0151,2027-10-31,2027-11-04,Site Cleanup,Completed
VA-0212,PRJ-0244,VEH-0432,2027-06-24,2027-07-07,Plumbing Installation,Scheduled
VA-0213,PRJ-0244,VEH-0176,2027-05-21,2027-06-08,Site Preparation,Scheduled
VA-0214,PRJ-0058,VEH-0213,2026-05-14,2026-05-18,Inspection,Active
VA-0215,PRJ-0105,VEH-0139,2027-07-29,2027-08-14,Finishing,Completed
VA-0216,PRJ-0401,VEH-0146,2026-09-26,2026-10-08,Finishing,Scheduled
VA-0217,PRJ-0120,VEH-0161,2027-04-30,2027-05-05,Plumbing Installation,Completed
VA-0218,PRJ-0109,VEH-0283,2028-01-07,2028-01-14,Plumbing Installation,Active
VA-0219,PRJ-0466,VEH-0375,2026-10-21,2026-11-07,Site Cleanup,Scheduled
VA-0220,PRJ-0352,VEH-0490,2027-02-17,2027-02-20,Site Preparation,Scheduled
VA-0221,PRJ-0228,VEH-0007,2027-02-27,2027-03-18,Excavation,Scheduled
VA-0222,PRJ-0350,VEH-0365,2026-03-30,2026-04-10,Inspection,Completed
VA-0223,PRJ-0173,VEH-0230,2026-11-15,2026-11-19,Site Cleanup,Completed
VA-0224,PRJ-0123,VEH-0021,2027-09-06,2027-09-16,Finishing,Active
VA-0225,PRJ-0287,VEH-0145,2026-08-29,2026-09-09,Foundation,Completed
VA-0226,PRJ-0362,VEH-0457,2026-04-06,2026-04-15,Electrical Installation,Completed
VA-0227,PRJ-0180,VEH-0397,2026-12-12,2026-12-31,Structural Framing,Completed
VA-0228,PRJ-0110,VEH-0248,2027-09-16,2027-10-05,Roofing,Completed
VA-0229,PRJ-0184,VEH-0441,2027-03-22,2027-04-08,Finishing,Completed
VA-0230,PRJ-0064,VEH-0338,2026-09-07,2026-09-10,Foundation,Active
VA-0231,PRJ-0454,VEH-0167,2027-11-05,2027-11-15,Inspection,Active
VA-0232,PRJ-0487,VEH-0365,2027-10-26,2027-10-31,Excavation,Active
VA-0233,PRJ-0266,VEH-0287,2026-11-20,2026-11-24,Painting,Active
VA-0234,PRJ-0492,VEH-0020,2027-01-25,2027-02-12,Finishing,Active
VA-0235,PRJ-0038,VEH-0478,2028-02-06,2028-02-08,Roofing,Completed
VA-0236,PRJ-0296,VEH-0062,2027-02-27,2027-03-14,Excavation,Scheduled
VA-0237,PRJ-0154,VEH-0478,2027-01-19,2027-01-29,Concrete Works,Active
VA-0238,PRJ-0365,VEH-0333,2027-06-08,2027-06-13,Finishing,Completed
VA-0239,PRJ-0124,VEH-0031,2026-11-01,2026-11-21,Roofing,Active
VA-0240,PRJ-0410,VEH-0156,2027-08-14,2027-08-25,Roofing,Scheduled
VA-0241,PRJ-0492,VEH-0375,2027-02-03,2027-02-21,Painting,Completed
VA-0242,PRJ-0392,VEH-0173,2026-09-05,2026-09-12,Structural Framing,Active
VA-0243,PRJ-0370,VEH-0343,2026-06-09,2026-06-20,Painting,Completed
VA-0244,PRJ-0430,VEH-0498,2028-02-03,2028-02-20,Roofing,Scheduled
VA-0245,PRJ-0029,VEH-0241,2026-10-05,2026-10-24,Excavation,Completed
VA-0246,PRJ-0076,VEH-0175,2026-02-27,2026-03-06,Electrical Installation,Scheduled
VA-0247,PRJ-0081,VEH-0045,2026-09-23,2026-10-12,Site Preparation,Completed
VA-0248,PRJ-0497,VEH-0084,2027-09-01,2027-09-08,Plumbing Installation,Active
VA-0249,PRJ-0293,VEH-0498,2027-07-06,2027-07-09,Finishing,Active
VA-0250,PRJ-0341,VEH-0208,2027-01-18,2027-01-20,Foundation,Completed
VA-0251,PRJ-0221,VEH-0185,2027-12-10,2027-12-18,Painting,Scheduled
VA-0252,PRJ-0425,VEH-0293,2027-07-31,2027-08-13,Roofing,Scheduled
VA-0253,PRJ-0210,VEH-0158,2026-04-14,2026-05-02,Foundation,Scheduled
VA-0254,PRJ-0394,VEH-0368,2027-01-27,2027-01-29,Structural Framing,Completed
VA-0255,PRJ-0382,VEH-0242,2026-03-28,2026-04-17,Site Preparation,Active
VA-0256,PRJ-0024,VEH-0416,2027-12-02,2027-12-19,Painting,Scheduled
VA-0257,PRJ-0271,VEH-0324,2026-02-25,2026-03-12,Site Cleanup,Completed
VA-0258,PRJ-0392,VEH-0223,2026-09-08,2026-09-28,Structural Framing,Scheduled
VA-0259,PRJ-0019,VEH-0256,2027-07-03,2027-07-06,Finishing,Completed
VA-0260,PRJ-0121,VEH-0140,2026-04-23,2026-05-03,Finishing,Scheduled
VA-0261,PRJ-0345,VEH-0356,2027-12-17,2028-01-01,Roofing,Completed
VA-0262,PRJ-0156,VEH-0277,2026-11-04,2026-11-19,Inspection,Scheduled
VA-0263,PRJ-0316,VEH-0210,2027-08-09,2027-08-12,Roofing,Active
VA-0264,PRJ-0345,VEH-0443,2027-11-20,2027-12-02,Plumbing Installation,Active
VA-0265,PRJ-0227,VEH-0069,2026-10-02,2026-10-19,Plumbing Installation,Active
VA-0266,PRJ-0347,VEH-0142,2026-10-17,2026-11-04,Foundation,Completed
VA-0267,PRJ-0053,VEH-0229,2027-04-01,2027-04-11,Roofing,Active
VA-0268,PRJ-0296,VEH-0180,2027-02-20,2027-02-23,Structural Framing,Active
VA-0269,PRJ-0171,VEH-0392,2026-11-28,2026-12-04,Site Preparation,Scheduled
VA-0270,PRJ-0224,VEH-0500,2027-10-16,2027-10-30,Finishing,Scheduled
VA-0271,PRJ-0030,VEH-0111,2027-02-01,2027-02-15,Inspection,Active
VA-0272,PRJ-0177,VEH-0088,2027-02-11,2027-02-24,Roofing,Scheduled
VA-0273,PRJ-0124,VEH-0006,2026-10-23,2026-10-26,Roofing,Active
VA-0274,PRJ-0398,VEH-0390,2027-05-14,2027-05-28,Structural Framing,Active
VA-0275,PRJ-0045,VEH-0222,2026-07-18,2026-07-30,Foundation,Completed
VA-0276,PRJ-0077,VEH-0140,2027-06-15,2027-06-29,Site Cleanup,Active
VA-0277,PRJ-0189,VEH-0063,2027-01-01,2027-01-13,Site Cleanup,Completed
VA-0278,PRJ-0103,VEH-0247,2026-06-05,2026-06-25,Finishing,Scheduled
VA-0279,PRJ-0032,VEH-0369,2027-01-08,2027-01-21,Structural Framing,Active
VA-0280,PRJ-0371,VEH-0474,2028-02-18,2028-03-04,Finishing,Scheduled
VA-0281,PRJ-0100,VEH-0070,2026-10-15,2026-10-30,Structural Framing,Scheduled
VA-0282,PRJ-0133,VEH-0067,2026-09-06,2026-09-25,Electrical Installation,Completed
VA-0283,PRJ-0205,VEH-0082,2026-05-11,2026-05-29,Structural Framing,Active
VA-0284,PRJ-0072,VEH-0459,2026-03-23,2026-04-01,Roofing,Completed
VA-0285,PRJ-0091,VEH-0096,2027-08-21,2027-09-10,Structural Framing,Scheduled
VA-0286,PRJ-0019,VEH-0120,2027-07-03,2027-07-12,Site Cleanup,Active
VA-0287,PRJ-0423,VEH-0393,2027-05-18,2027-05-21,Site Preparation,Completed
VA-0288,PRJ-0355,VEH-0300,2028-01-02,2028-01-08,Inspection,Scheduled
VA-0289,PRJ-0129,VEH-0480,2027-01-27,2027-01-30,Structural Framing,Completed
VA-0290,PRJ-0229,VEH-0006,2026-06-30,2026-07-08,Structural Framing,Scheduled
VA-0291,PRJ-0455,VEH-0390,2027-02-07,2027-02-12,Inspection,Completed
VA-0292,PRJ-0276,VEH-0455,2026-07-17,2026-08-04,Structural Framing,Completed
VA-0293,PRJ-0144,VEH-0188,2027-04-30,2027-05-04,Foundation,Active
VA-0294,PRJ-0331,VEH-0250,2027-04-04,2027-04-23,Inspection,Scheduled
VA-0295,PRJ-0138,VEH-0238,2027-11-06,2027-11-22,Excavation,Completed
VA-0296,PRJ-0269,VEH-0411,2027-05-20,2027-06-02,Inspection,Completed
VA-0297,PRJ-0059,VEH-0245,2026-11-06,2026-11-21,Finishing,Completed
VA-0298,PRJ-0198,VEH-0277,2026-09-05,2026-09-19,Concrete Works,Active
VA-0299,PRJ-0433,VEH-0362,2026-11-01,2026-11-12,Concrete Works,Completed
VA-0300,PRJ-0426,VEH-0354,2027-02-18,2027-02-23,Electrical Installation,Active
VA-0301,PRJ-0341,VEH-0357,2027-01-26,2027-02-04,Roofing,Completed
VA-0302,PRJ-0343,VEH-0081,2027-09-03,2027-09-14,Site Preparation,Active
VA-0303,PRJ-0106,VEH-0366,2026-03-03,2026-03-19,Structural Framing,Completed
VA-0304,PRJ-0497,VEH-0496,2027-08-22,2027-09-06,Painting,Completed
VA-0305,PRJ-0186,VEH-0316,2026-10-29,2026-11-08,Site Cleanup,Scheduled
VA-0306,PRJ-0270,VEH-0285,2026-07-15,2026-08-04,Site Preparation,Scheduled
VA-0307,PRJ-0309,VEH-0234,2027-03-05,2027-03-21,Inspection,Completed
VA-0308,PRJ-0266,VEH-0442,2026-11-25,2026-12-03,Excavation,Completed
VA-0309,PRJ-0191,VEH-0012,2026-02-24,2026-03-03,Excavation,Completed
VA-0310,PRJ-0262,VEH-0192,2027-09-03,2027-09-23,Inspection,Active
VA-0311,PRJ-0494,VEH-0177,2027-06-30,2027-07-13,Excavation,Completed
VA-0312,PRJ-0351,VEH-0373,2026-01-02,2026-01-08,Electrical Installation,Scheduled
VA-0313,PRJ-0203,VEH-0224,2027-04-23,2027-05-11,Plumbing Installation,Completed
VA-0314,PRJ-0344,VEH-0393,2027-08-12,2027-08-26,Inspection,Active
VA-0315,PRJ-0115,VEH-0153,2027-04-27,2027-05-12,Roofing,Scheduled
VA-0316,PRJ-0446,VEH-0153,2027-07-31,2027-08-20,Finishing,Completed
VA-0317,PRJ-0273,VEH-0220,2026-02-01,2026-02-07,Painting,Completed
VA-0318,PRJ-0184,VEH-0371,2027-04-05,2027-04-09,Site Cleanup,Scheduled
VA-0319,PRJ-0119,VEH-0271,2028-01-02,2028-01-09,Concrete Works,Scheduled
VA-0320,PRJ-0439,VEH-0241,2026-10-07,2026-10-14,Foundation,Scheduled
VA-0321,PRJ-0167,VEH-0181,2026-04-27,2026-05-11,Structural Framing,Completed
VA-0322,PRJ-0227,VEH-0152,2026-09-18,2026-10-08,Inspection,Active
VA-0323,PRJ-0117,VEH-0306,2027-08-08,2027-08-18,Finishing,Active
VA-0324,PRJ-0470,VEH-0306,2027-10-04,2027-10-06,Structural Framing,Completed
VA-0325,PRJ-0289,VEH-0179,2027-08-03,2027-08-14,Plumbing Installation,Active
VA-0326,PRJ-0223,VEH-0399,2026-05-06,2026-05-19,Structural Framing,Scheduled
VA-0327,PRJ-0241,VEH-0030,2026-02-21,2026-03-10,Structural Framing,Scheduled
VA-0328,PRJ-0028,VEH-0077,2027-05-16,2027-05-20,Site Preparation,Completed
VA-0329,PRJ-0075,VEH-0377,2026-09-12,2026-09-28,Structural Framing,Active
VA-0330,PRJ-0344,VEH-0193,2027-08-24,2027-08-31,Electrical Installation,Completed
VA-0331,PRJ-0200,VEH-0337,2027-06-03,2027-06-19,Structural Framing,Completed
VA-0332,PRJ-0361,VEH-0424,2026-11-16,2026-11-23,Site Cleanup,Scheduled
VA-0333,PRJ-0146,VEH-0471,2027-04-14,2027-04-30,Concrete Works,Completed
VA-0334,PRJ-0110,VEH-0307,2027-09-10,2027-09-25,Inspection,Active
VA-0335,PRJ-0003,VEH-0409,2027-11-03,2027-11-23,Excavation,Scheduled
VA-0336,PRJ-0309,VEH-0006,2027-02-13,2027-03-04,Painting,Active
VA-0337,PRJ-0203,VEH-0369,2027-05-12,2027-05-14,Site Cleanup,Active
VA-0338,PRJ-0107,VEH-0500,2026-03-25,2026-03-31,Plumbing Installation,Active
VA-0339,PRJ-0156,VEH-0474,2026-11-24,2026-12-10,Painting,Completed
VA-0340,PRJ-0322,VEH-0354,2027-02-17,2027-03-06,Painting,Active
VA-0341,PRJ-0315,VEH-0186,2027-03-02,2027-03-12,Excavation,Active
VA-0342,PRJ-0221,VEH-0408,2027-10-16,2027-10-18,Finishing,Scheduled
VA-0343,PRJ-0254,VEH-0050,2027-12-16,2027-12-31,Concrete Works,Completed
VA-0344,PRJ-0337,VEH-0339,2027-04-23,2027-05-12,Excavation,Scheduled
VA-0345,PRJ-0147,VEH-0180,2026-06-27,2026-07-14,Structural Framing,Completed
VA-0346,PRJ-0140,VEH-0215,2027-08-29,2027-09-18,Concrete Works,Active
VA-0347,PRJ-0469,VEH-0253,2026-06-07,2026-06-15,Site Cleanup,Scheduled
VA-0348,PRJ-0277,VEH-0226,2027-07-11,2027-07-30,Site Preparation,Completed
VA-0349,PRJ-0395,VEH-0403,2026-07-29,2026-08-10,Foundation,Completed
VA-0350,PRJ-0484,VEH-0294,2026-12-06,2026-12-18,Plumbing Installation,Active
VA-0351,PRJ-0177,VEH-0471,2026-12-18,2027-01-06,Structural Framing,Active
VA-0352,PRJ-0278,VEH-0410,2026-12-31,2027-01-11,Site Cleanup,Active
VA-0353,PRJ-0227,VEH-0047,2026-10-12,2026-10-30,Painting,Completed
VA-0354,PRJ-0122,VEH-0228,2027-11-02,2027-11-11,Concrete Works,Active
VA-0355,PRJ-0023,VEH-0311,2027-11-30,2027-12-14,Painting,Active
VA-0356,PRJ-0317,VEH-0110,2027-06-28,2027-07-01,Plumbing Installation,Scheduled
VA-0357,PRJ-0383,VEH-0166,2027-08-08,2027-08-14,Structural Framing,Scheduled
VA-0358,PRJ-0262,VEH-0441,2027-08-22,2027-09-11,Inspection,Active
VA-0359,PRJ-0144,VEH-0202,2027-05-26,2027-06-02,Concrete Works,Scheduled
VA-0360,PRJ-0153,VEH-0397,2027-01-10,2027-01-19,Electrical Installation,Active
VA-0361,PRJ-0271,VEH-0208,2026-03-03,2026-03-15,Foundation,Scheduled
VA-0362,PRJ-0096,VEH-0420,2027-12-11,2027-12-24,Plumbing Installation,Scheduled
VA-0363,PRJ-0422,VEH-0121,2026-10-31,2026-11-16,Excavation,Scheduled
VA-0364,PRJ-0267,VEH-0280,2027-03-12,2027-03-20,Electrical Installation,Active
VA-0365,PRJ-0215,VEH-0319,2027-06-23,2027-07-07,Plumbing Installation,Scheduled
VA-0366,PRJ-0464,VEH-0154,2027-02-09,2027-02-12,Structural Framing,Active
VA-0367,PRJ-0207,VEH-0133,2027-11-14,2027-11-24,Roofing,Active
VA-0368,PRJ-0377,VEH-0468,2027-08-27,2027-09-01,Inspection,Completed
VA-0369,PRJ-0452,VEH-0042,2027-01-06,2027-01-10,Foundation,Scheduled
VA-0370,PRJ-0060,VEH-0416,2027-08-15,2027-08-18,Structural Framing,Completed
VA-0371,PRJ-0295,VEH-0418,2027-09-14,2027-09-28,Site Cleanup,Active
VA-0372,PRJ-0180,VEH-0283,2027-01-22,2027-02-06,Site Cleanup,Completed
VA-0373,PRJ-0365,VEH-0475,2027-07-17,2027-07-21,Inspection,Completed
VA-0374,PRJ-0463,VEH-0328,2027-04-14,2027-04-17,Concrete Works,Scheduled
VA-0375,PRJ-0161,VEH-0267,2026-11-25,2026-12-04,Structural Framing,Scheduled
VA-0376,PRJ-0191,VEH-0068,2026-04-04,2026-04-23,Plumbing Installation,Completed
VA-0377,PRJ-0367,VEH-0339,2027-09-18,2027-09-20,Excavation,Scheduled
VA-0378,PRJ-0264,VEH-0161,2026-12-22,2026-12-24,Site Preparation,Scheduled
VA-0379,PRJ-0301,VEH-0174,2026-07-13,2026-07-30,Structural Framing,Completed
VA-0380,PRJ-0006,VEH-0055,2026-07-03,2026-07-05,Excavation,Scheduled
VA-0381,PRJ-0439,VEH-0151,2026-11-03,2026-11-16,Roofing,Scheduled
VA-0382,PRJ-0494,VEH-0278,2027-05-15,2027-05-28,Painting,Scheduled
VA-0383,PRJ-0198,VEH-0383,2026-11-01,2026-11-05,Finishing,Active
VA-0384,PRJ-0312,VEH-0291,2027-03-31,2027-04-20,Excavation,Scheduled
VA-0385,PRJ-0468,VEH-0206,2026-07-16,2026-07-29,Site Preparation,Active
VA-0386,PRJ-0173,VEH-0062,2026-11-26,2026-12-01,Inspection,Completed
VA-0387,PRJ-0416,VEH-0304,2026-04-01,2026-04-21,Plumbing Installation,Completed
VA-0388,PRJ-0225,VEH-0042,2026-04-17,2026-05-02,Inspection,Active
VA-0389,PRJ-0040,VEH-0248,2027-12-05,2027-12-24,Site Preparation,Completed
VA-0390,PRJ-0160,VEH-0313,2027-05-28,2027-06-03,Finishing,Scheduled
VA-0391,PRJ-0363,VEH-0084,2027-01-08,2027-01-27,Site Cleanup,Active
VA-0392,PRJ-0009,VEH-0252,2027-12-10,2027-12-15,Finishing,Active
VA-0393,PRJ-0043,VEH-0079,2027-09-26,2027-10-05,Structural Framing,Scheduled
VA-0394,PRJ-0039,VEH-0391,2026-10-10,2026-10-20,Finishing,Active
VA-0395,PRJ-0084,VEH-0493,2027-11-19,2027-11-22,Finishing,Active
VA-0396,PRJ-0022,VEH-0341,2026-12-16,2026-12-24,Roofing,Completed
VA-0397,PRJ-0038,VEH-0480,2028-02-19,2028-03-07,Roofing,Active
VA-0398,PRJ-0268,VEH-0285,2026-11-12,2026-11-26,Foundation,Completed
VA-0399,PRJ-0230,VEH-0131,2027-03-13,2027-03-15,Plumbing Installation,Active
VA-0400,PRJ-0055,VEH-0035,2026-09-17,2026-09-24,Plumbing Installation,Completed
VA-0401,PRJ-0068,VEH-0370,2026-05-13,2026-05-22,Site Preparation,Active
VA-0402,PRJ-0304,VEH-0426,2027-10-19,2027-10-23,Plumbing Installation,Active
VA-0403,PRJ-0252,VEH-0345,2026-02-13,2026-02-20,Excavation,Scheduled
VA-0404,PRJ-0284,VEH-0221,2027-07-04,2027-07-08,Painting,Scheduled
VA-0405,PRJ-0461,VEH-0063,2026-02-16,2026-02-22,Inspection,Completed
VA-0406,PRJ-0331,VEH-0400,2027-02-20,2027-03-01,Structural Framing,Scheduled
VA-0407,PRJ-0094,VEH-0167,2026-04-16,2026-05-06,Site Cleanup,Completed
VA-0408,PRJ-0394,VEH-0254,2027-03-05,2027-03-11,Site Preparation,Active
VA-0409,PRJ-0404,VEH-0078,2027-09-23,2027-09-28,Concrete Works,Completed
VA-0410,PRJ-0175,VEH-0308,2026-05-13,2026-06-01,Inspection,Completed
VA-0411,PRJ-0259,VEH-0359,2027-09-17,2027-09-22,Site Preparation,Completed
VA-0412,PRJ-0361,VEH-0199,2026-12-15,2026-12-20,Finishing,Active
VA-0413,PRJ-0441,VEH-0281,2027-08-27,2027-09-07,Electrical Installation,Scheduled
VA-0414,PRJ-0177,VEH-0084,2026-12-18,2026-12-22,Foundation,Scheduled
VA-0415,PRJ-0432,VEH-0112,2027-02-07,2027-02-22,Site Preparation,Completed
VA-0416,PRJ-0063,VEH-0208,2028-02-20,2028-03-01,Excavation,Completed
VA-0417,PRJ-0456,VEH-0286,2027-02-04,2027-02-06,Concrete Works,Active
VA-0418,PRJ-0383,VEH-0408,2027-09-25,2027-10-10,Site Preparation,Completed
VA-0419,PRJ-0360,VEH-0039,2026-11-24,2026-12-11,Excavation,Active
VA-0420,PRJ-0020,VEH-0412,2027-11-02,2027-11-21,Structural Framing,Active
VA-0421,PRJ-0218,VEH-0289,2027-11-09,2027-11-19,Concrete Works,Completed
VA-0422,PRJ-0449,VEH-0181,2027-05-26,2027-06-09,Site Preparation,Completed
VA-0423,PRJ-0349,VEH-0416,2026-11-25,2026-12-07,Painting,Scheduled
VA-0424,PRJ-0212,VEH-0424,2026-10-02,2026-10-18,Concrete Works,Active
VA-0425,PRJ-0204,VEH-0222,2027-04-18,2027-05-07,Structural Framing,Completed
VA-0426,PRJ-0317,VEH-0327,2027-06-30,2027-07-13,Finishing,Completed
VA-0427,PRJ-0021,VEH-0250,2027-12-05,2027-12-11,Finishing,Active
VA-0428,PRJ-0041,VEH-0157,2027-03-19,2027-03-21,Concrete Works,Completed
VA-0429,PRJ-0184,VEH-0233,2027-04-25,2027-05-11,Plumbing Installation,Scheduled
VA-0430,PRJ-0162,VEH-0435,2026-03-10,2026-03-29,Concrete Works,Active
VA-0431,PRJ-0208,VEH-0386,2027-10-09,2027-10-13,Finishing,Active
VA-0432,PRJ-0100,VEH-0023,2026-09-20,2026-10-04,Concrete Works,Active
VA-0433,PRJ-0072,VEH-0269,2026-03-13,2026-03-27,Excavation,Active
VA-0434,PRJ-0151,VEH-0345,2026-05-21,2026-06-04,Painting,Active
VA-0435,PRJ-0299,VEH-0465,2026-11-19,2026-11-25,Inspection,Active
VA-0436,PRJ-0067,VEH-0312,2026-10-03,2026-10-19,Plumbing Installation,Scheduled
VA-0437,PRJ-0062,VEH-0389,2026-10-05,2026-10-19,Foundation,Completed
VA-0438,PRJ-0277,VEH-0205,2027-06-19,2027-06-21,Structural Framing,Active
VA-0439,PRJ-0306,VEH-0268,2026-10-12,2026-10-22,Plumbing Installation,Completed
VA-0440,PRJ-0305,VEH-0470,2027-03-15,2027-03-30,Roofing,Completed
VA-0441,PRJ-0024,VEH-0064,2027-12-12,2027-12-25,Plumbing Installation,Scheduled
VA-0442,PRJ-0430,VEH-0255,2028-02-04,2028-02-21,Inspection,Active
VA-0443,PRJ-0023,VEH-0081,2027-10-13,2027-10-26,Roofing,Scheduled
VA-0444,PRJ-0106,VEH-0045,2026-04-08,2026-04-14,Electrical Installation,Scheduled
VA-0445,PRJ-0141,VEH-0092,2026-06-13,2026-06-25,Foundation,Active
VA-0446,PRJ-0424,VEH-0381,2028-01-08,2028-01-11,Site Preparation,Completed
VA-0447,PRJ-0165,VEH-0382,2027-04-13,2027-05-01,Finishing,Active
VA-0448,PRJ-0308,VEH-0200,2026-12-21,2026-12-25,Roofing,Scheduled
VA-0449,PRJ-0056,VEH-0186,2026-09-30,2026-10-03,Electrical Installation,Scheduled
VA-0450,PRJ-0005,VEH-0321,2027-02-17,2027-02-26,Electrical Installation,Scheduled
VA-0451,PRJ-0393,VEH-0045,2027-04-30,2027-05-05,Painting,Active
VA-0452,PRJ-0191,VEH-0471,2026-03-07,2026-03-09,Electrical Installation,Completed
VA-0453,PRJ-0492,VEH-0425,2027-01-21,2027-01-30,Concrete Works,Completed
VA-0454,PRJ-0077,VEH-0125,2027-05-26,2027-06-01,Site Cleanup,Completed
VA-0455,PRJ-0365,VEH-0064,2027-06-03,2027-06-07,Foundation,Completed
VA-0456,PRJ-0139,VEH-0470,2027-11-26,2027-12-05,Site Cleanup,Scheduled
VA-0457,PRJ-0406,VEH-0417,2027-01-26,2027-01-30,Concrete Works,Scheduled
VA-0458,PRJ-0414,VEH-0463,2027-09-18,2027-10-05,Painting,Scheduled
VA-0459,PRJ-0136,VEH-0356,2026-08-05,2026-08-13,Inspection,Completed
VA-0460,PRJ-0239,VEH-0449,2027-12-26,2028-01-12,Finishing,Completed
VA-0461,PRJ-0078,VEH-0353,2026-08-24,2026-09-04,Site Preparation,Scheduled
VA-0462,PRJ-0050,VEH-0476,2026-11-25,2026-12-10,Painting,Scheduled
VA-0463,PRJ-0117,VEH-0048,2027-07-14,2027-07-31,Finishing,Completed
VA-0464,PRJ-0444,VEH-0349,2027-12-21,2028-01-08,Excavation,Completed
VA-0465,PRJ-0056,VEH-0335,2026-08-07,2026-08-10,Inspection,Completed
VA-0466,PRJ-0197,VEH-0078,2026-04-10,2026-04-21,Foundation,Active
VA-0467,PRJ-0177,VEH-0238,2027-01-15,2027-01-30,Structural Framing,Completed
VA-0468,PRJ-0171,VEH-0186,2026-12-22,2027-01-08,Roofing,Active
VA-0469,PRJ-0398,VEH-0484,2027-07-06,2027-07-19,Foundation,Active
VA-0470,PRJ-0110,VEH-0393,2027-10-20,2027-10-31,Painting,Completed
VA-0471,PRJ-0487,VEH-0273,2027-10-05,2027-10-13,Site Cleanup,Active
VA-0472,PRJ-0422,VEH-0321,2026-10-08,2026-10-20,Concrete Works,Active
VA-0473,PRJ-0383,VEH-0096,2027-08-13,2027-08-25,Structural Framing,Active
VA-0474,PRJ-0060,VEH-0035,2027-09-20,2027-10-06,Painting,Completed
VA-0475,PRJ-0286,VEH-0388,2026-10-06,2026-10-25,Site Preparation,Active
VA-0476,PRJ-0024,VEH-0128,2027-12-03,2027-12-15,Electrical Installation,Scheduled
VA-0477,PRJ-0284,VEH-0377,2027-08-03,2027-08-10,Painting,Active
VA-0478,PRJ-0082,VEH-0004,2026-07-31,2026-08-16,Plumbing Installation,Active
VA-0479,PRJ-0223,VEH-0195,2026-05-22,2026-06-05,Site Cleanup,Scheduled
VA-0480,PRJ-0273,VEH-0066,2026-02-20,2026-03-11,Roofing,Active
VA-0481,PRJ-0165,VEH-0362,2027-04-04,2027-04-22,Roofing,Scheduled
VA-0482,PRJ-0371,VEH-0341,2028-01-08,2028-01-11,Inspection,Active
VA-0483,PRJ-0161,VEH-0107,2026-10-22,2026-10-30,Site Cleanup,Active
VA-0484,PRJ-0285,VEH-0185,2027-06-03,2027-06-11,Excavation,Active
VA-0485,PRJ-0398,VEH-0385,2027-06-26,2027-07-02,Plumbing Installation,Scheduled
VA-0486,PRJ-0049,VEH-0337,2026-11-05,2026-11-08,Roofing,Active
VA-0487,PRJ-0365,VEH-0461,2027-08-02,2027-08-06,Concrete Works,Active
VA-0488,PRJ-0113,VEH-0002,2026-08-22,2026-08-27,Site Preparation,Active
VA-0489,PRJ-0042,VEH-0143,2027-05-27,2027-06-07,Electrical Installation,Scheduled
VA-0490,PRJ-0303,VEH-0404,2026-10-16,2026-10-30,Concrete Works,Active
VA-0491,PRJ-0363,VEH-0237,2026-12-10,2026-12-20,Structural Framing,Scheduled
VA-0492,PRJ-0036,VEH-0305,2026-05-05,2026-05-22,Excavation,Scheduled
VA-0493,PRJ-0350,VEH-0436,2026-03-14,2026-03-23,Structural Framing,Scheduled
VA-0494,PRJ-0455,VEH-0142,2027-03-17,2027-04-06,Roofing,Scheduled
VA-0495,PRJ-0319,VEH-0222,2028-02-11,2028-02-27,Site Preparation,Scheduled
VA-0496,PRJ-0013,VEH-0385,2026-08-15,2026-08-23,Inspection,Active
VA-0497,PRJ-0116,VEH-0151,2027-05-15,2027-06-01,Electrical Installation,Completed
VA-0498,PRJ-0365,VEH-0278,2027-07-17,2027-07-30,Painting,Completed
VA-0499,PRJ-0212,VEH-0321,2026-09-28,2026-10-16,Painting,Completed
VA-0500,PRJ-0048,VEH-0429,2026-12-11,2026-12-28,Painting,Active
